,Owner,total_capacity,num_countries,avg_iso14001,avg_iso50001,avg_responsible,centroid_lat,centroid_lon,env_score
0,A. Finkl & Sons Corp,0.0,1,1.0,1.0,0.0,41.724915,-87.589968,0.6666666666666666
1,ABA Çelik Demir LŞ,0.0,1,1.0,1.0,0.0,36.747413,36.21733,0.6666666666666666
2,AFV Acciaierie Beltrame SpA,0.0,1,1.0,1.0,0.0,45.522097,11.499295,0.6666666666666666
3,AG Siderurgica Balboa SA,0.0,1,1.0,1.0,0.0,38.326405,-6.767326,0.6666666666666666
4,AG der Dillinger Hüttenwerke AG,0.0,1,1.0,1.0,1.0,49.353884,6.746603,1.0
5,ALPA - Aciéries et Laminoirs de Paris SAS,0.0,1,1.0,1.0,0.0,48.983515,1.76245,0.6666666666666666
6,AM/NS Calvert LLC,0.0,1,1.0,1.0,0.0,31.148446,-87.990521,0.6666666666666666
7,Abba Steel Ltd,0.0,1,1.0,1.0,0.0,-17.397866,15.891022,0.6666666666666666
8,Abinski Elektrometallurgicheski Zavod LLC,0.0,1,1.0,1.0,0.0,44.881938,38.12751,0.6666666666666666
9,Abu Dhabi National for Building Materials Co PJSC,0.0,1,1.0,1.0,0.0,24.37872,54.475153,0.6666666666666666
10,Abul Khair Steel Ltd,0.0,1,1.0,1.0,0.0,22.472008,91.734827,0.6666666666666666
11,Acciai Speciali Terni SpA,0.0,1,1.0,1.0,1.0,42.564752,12.66936,1.0
12,Acciaieria Arvedi SpA,0.0,1,1.0,1.0,0.0,45.145949,9.950821,0.6666666666666666
13,Acciaierie Bertoli Safau SpA,0.0,1,1.0,1.0,0.0,46.008483,13.255117,0.6666666666666666
14,Acciaierie Venete SpA,0.0,1,1.0,1.0,0.0,45.70568033333333,11.185377666666668,0.6666666666666666
15,Acciaierie d'italia SpA,0.0,1,1.0,1.0,0.0,40.508993,17.207589,0.6666666666666666
16,Acciaierie di Calvisano SpA,0.0,1,1.0,1.0,0.0,45.371651,10.331967,0.6666666666666666
17,Acciaierie di Sicilia SpA,0.0,1,1.0,1.0,0.0,37.438448,15.03287,0.6666666666666666
18,Acciaierie di Verona SpA,0.0,1,1.0,1.0,0.0,45.42882,11.000861,0.6666666666666666
19,Acerinox Europa SAU,0.0,1,1.0,1.0,0.0,36.181686,-5.426626,0.6666666666666666
20,Aceros AZA SA,0.0,1,1.0,1.0,0.0,-33.294729,-70.727881,0.6666666666666666
21,Aceros Especiales Simec Tlaxcala SA de CV,0.0,1,1.0,1.0,0.0,20.749476,-99.50398949999999,0.6666666666666666
22,Acindar Industria Argentina de Aceros SA,0.0,1,1.0,1.0,0.0,-33.249936,-60.300415,0.6666666666666666
23,Aco Verde do Brasil SA,0.0,1,1.0,1.0,0.0,-4.874373,-47.4073517,0.6666666666666666
24,Action Ispat and Power Pvt Ltd,0.0,1,1.0,1.0,0.0,21.839759,83.982227,0.6666666666666666
25,Ada - Aceria De Angola SA,0.0,1,1.0,1.0,0.0,-8.5824,13.405271,0.6666666666666666
26,Adhunik Metaliks Ltd,0.0,1,1.0,1.0,0.0,22.308371,84.763584,0.6666666666666666
27,African Natural Resources & Mines Ltd,5400.0,1,1.0,1.0,0.0,9.462715,7.368,0.6666666666666666
28,Agha Steel Industries Ltd,0.0,1,1.0,1.0,0.0,24.841851,67.310159,0.6666666666666666
29,Ahya Steel Folad Baft Co,0.0,1,1.0,1.0,0.0,29.289109,56.490707,0.6666666666666666
30,Aichi Steel Corp,0.0,1,1.0,1.0,0.0,35.044558,136.900772,0.6666666666666666
31,Ajaokuta Steel Co Ltd,3490.0,1,1.0,1.0,0.0,7.511336,6.689364,0.6666666666666666
32,Aktobe Generatsiya LLC,1300.0,1,1.0,1.0,0.0,50.355117,57.145119,0.6666666666666666
33,Al Anmaa for Construction Materials Production Ltd,0.0,1,1.0,1.0,0.0,30.218529,47.827362,0.6666666666666666
34,Al Atoun Steel Industries,0.0,1,1.0,1.0,0.0,24.029,38.180077,0.6666666666666666
35,Al Ezz Dekheila Steel Company Alexandria SAE,0.0,1,1.0,1.0,0.0,31.123467,29.80987,0.6666666666666666
36,Al Ezz Flat Steel Company SAE,0.0,1,1.0,1.0,0.0,29.692045,32.322117,0.6666666666666666
37,Al Qaryan Steel Co,0.0,1,1.0,1.0,0.0,26.280741,49.956755,0.6666666666666666
38,AlGioshy Steel SAE,0.0,1,1.0,1.0,0.0,29.6752173,32.3028163,0.6666666666666666
39,Alchevsk Metallurgical Plant PJSC,9240.0,1,1.0,1.0,0.0,48.478111,38.770787,0.6666666666666666
40,Alfa Acciai SpA,0.0,1,1.0,1.0,0.0,45.508698,10.248464,0.6666666666666666
41,Algerian Qatari Steel,0.0,1,1.0,1.0,0.0,36.753961,6.24442,0.6666666666666666
42,Algoma Steel Group Inc,0.0,1,1.0,1.0,0.0,46.518984,-84.374068,0.6666666666666666
43,Alliance Steel (M) Sdn Bhd,1100.0,1,1.0,1.0,0.0,4.007595,103.344458,0.6666666666666666
44,Alton Steel Inc,0.0,1,1.0,1.0,0.0,38.884465,-90.14579,0.6666666666666666
45,Altos Hornos de Mexico SAB de CV,7284.0,1,1.0,1.0,0.0,26.876889,-101.416612,0.6666666666666666
46,Amir Kabir Arak Steel Co,0.0,1,1.0,1.0,0.0,37.164815,49.595132,0.6666666666666666
47,Amreli Steels Ltd,0.0,1,1.0,1.0,0.0,24.800326,67.504851,0.6666666666666666
48,Amsteel Mills Sdn Bhd,0.0,1,1.0,1.0,0.0,2.93834,101.5287635,0.6666666666666666
49,Amurstal LLC,0.0,1,1.0,1.0,0.0,50.563131,136.976362,0.6666666666666666
50,Andrade Valladares Engenharia e Construcao Ltda,219.0,1,1.0,1.0,0.0,-4.887877,-47.392157,0.6666666666666666
51,Angang Lianzhong Stainless Steel Corp,0.0,1,1.0,1.0,0.0,23.126822,113.505817,0.6666666666666666
52,Angang Steel Co Ltd,0.0,1,1.0,1.0,0.0,40.99523533333333,121.82794233333334,0.6666666666666666
53,Anhui Changjiang Steel Co Ltd,1375.0,1,1.0,1.0,0.0,31.502272,118.465162,0.6666666666666666
54,Anhui Guihang Special Steel Co Ltd,0.0,1,1.0,1.0,0.0,30.531068,117.251147,0.6666666666666666
55,Anhui Jin'an Stainless Steel Foundry Co Ltd,0.0,1,1.0,1.0,0.0,31.763956,115.924372,0.6666666666666666
56,Anhui Jingxian Longxin Iron and Steel Co Ltd,0.0,1,1.0,1.0,0.0,30.709058,118.436638,0.6666666666666666
57,Anhui Langxi County Fuhang Steel Co Ltd,0.0,1,1.0,1.0,0.0,31.246635,119.120443,0.6666666666666666
58,Anhui Shoukuang Dachang Metal Material Co Ltd,1200.0,1,1.0,1.0,0.0,32.329171,115.954963,0.6666666666666666
59,Ann Joo Integrated Steel Sdn Bhd,0.0,1,1.0,1.0,0.0,5.380391,100.377598,0.6666666666666666
60,Ann Joo Steel Bhd,0.0,1,1.0,1.0,0.0,3.042585,101.537011,0.6666666666666666
61,Anshan Baode Iron & Steel Co Ltd,2395.0,1,1.0,1.0,0.0,41.173613,122.945501,0.6666666666666666
62,Anshan Iron and Steel Group Co Ltd,0.0,1,1.0,1.0,0.0,-4.244263,122.371221,0.6666666666666666
63,Antara Steel Mills Sdn Bhd,0.0,1,1.0,1.0,0.0,5.253839,115.242717,0.6666666666666666
64,Anyang Huixin Special Steel Co Ltd,0.0,1,1.0,1.0,0.0,36.152418,114.15839,0.6666666666666666
65,Anyang Iron & Steel Co Ltd,0.0,1,1.0,1.0,0.0,36.122129,114.283145,0.6666666666666666
66,Anyang Xinpu Steel Co Ltd,0.0,1,1.0,1.0,0.0,36.163203,114.296223,0.6666666666666666
67,Anyuan Iron & Steel Co Ltd,0.0,1,1.0,1.0,0.0,27.64555,113.902126,0.6666666666666666
68,Aperam Inox America do Sul SA,0.0,1,1.0,1.0,1.0,-19.531272,-42.639979,1.0
69,Aperam Stainless Belgium NV,0.0,1,1.0,1.0,1.0,50.6744855,5.0219685,1.0
70,Arab Steel Co,2500.0,1,1.0,1.0,0.0,26.277917,49.949177,0.6666666666666666
71,Arabian Gulf Steel Industries Selling Port LLC,0.0,1,1.0,1.0,0.0,24.283335,54.463384,0.6666666666666666
72,ArcelorMittal Atlantique et Lorraine SAS,16080.0,1,1.0,1.0,1.0,50.186498,4.2180275,1.0
73,ArcelorMittal Brasil SA,7704.0,1,1.0,1.0,0.6666666666666666,-18.793761,-43.635383,0.8888888888888888
74,ArcelorMittal Bremen GmbH,4100.0,1,1.0,1.0,1.0,53.133305,8.688193,1.0
75,ArcelorMittal Dofasco GP,0.0,1,1.0,1.0,1.0,43.269255,-79.804858,1.0
76,ArcelorMittal Duisburg GmbH,0.0,1,1.0,1.0,1.0,51.462987,6.744612,1.0
77,ArcelorMittal Eisenhüttenstadt GmbH,2900.0,1,1.0,1.0,1.0,52.168649,14.623473,1.0
78,ArcelorMittal España SA,7970.0,1,1.0,1.0,1.0,43.539916500000004,-5.802258,1.0
79,ArcelorMittal Hamburg GmbH,0.0,1,1.0,1.0,0.0,53.522601,9.900749,0.6666666666666666
80,ArcelorMittal Hunedoara SA,0.0,1,1.0,1.0,0.0,45.735183,22.91627,0.6666666666666666
81,ArcelorMittal Kryvyi Rih PJSC,2095.0,1,1.0,1.0,0.0,47.874411,33.392993,0.6666666666666666
82,ArcelorMittal Long Products Canada GP,0.0,1,1.0,1.0,0.0,45.835148,-73.254957,0.6666666666666666
83,ArcelorMittal Méditerranée SAS,8450.0,1,1.0,1.0,1.0,43.43283,4.887166,1.0
84,ArcelorMittal México SA de CV,1300.0,1,1.0,1.0,0.0,17.930688,-102.201498,0.6666666666666666
85,ArcelorMittal Nippon Steel India Ltd,6830.0,1,1.0,1.0,0.0,19.9366314,81.6597356,0.6666666666666666
86,ArcelorMittal Poland SA,0.0,1,0.5,0.5,0.5,50.213133,19.6906715,0.5
87,ArcelorMittal SA,8135.0,5,1.0,1.0,0.5,37.727837666666666,-2.211430166666664,0.8333333333333334
88,ArcelorMittal South Africa Ltd,7665.0,1,1.0,1.0,0.0,-29.114087666666666,25.286533666666667,0.6666666666666666
89,ArcelorMittal Tubarão Comercial SA,9754.0,1,1.0,1.0,1.0,-20.253447,-40.242298,1.0
90,Arcelormittal Olaberria-Bergara SL,0.0,1,1.0,1.0,0.0,43.03829,-2.219625,0.6666666666666666
91,Arcelormittal Sestao SL,0.0,1,1.0,1.0,0.0,43.313144,-2.998964,0.6666666666666666
92,Arcelormittal Warszawa SP zoo,0.0,1,1.0,1.0,1.0,52.291337,20.917302,1.0
93,Ardakan Steel Complex Co,0.0,1,1.0,1.0,0.0,32.373942,53.759655,0.6666666666666666
94,Arfa Iron and Steel Co,0.0,1,1.0,1.0,0.0,32.39309,53.7566,0.6666666666666666
95,Arjas Steel Pvt Ltd,650.0,1,1.0,1.0,0.0,14.873471,78.048425,0.6666666666666666
96,Arvand Jahanara Steel Co,0.0,1,1.0,1.0,0.0,30.510886,48.241356,0.6666666666666666
97,Arvand Kaveh Steel Co,0.0,1,1.0,1.0,0.0,30.505458,48.272024,0.6666666666666666
98,Ascometal France Holding SAS,0.0,1,1.0,1.0,0.0,49.241492,6.152631,0.6666666666666666
99,Asean Steel JSC,0.0,1,1.0,1.0,0.0,12.59912,107.93922,0.6666666666666666
100,Ashinskiy Metzavod PJSC,0.0,1,1.0,1.0,0.0,54.99484,57.277548,0.6666666666666666
101,Asil Celik Sanayi ve Ticaret AŞ,0.0,1,1.0,1.0,0.0,40.42752,29.270141,0.6666666666666666
102,Atibir Industries Co Ltd,1280.0,1,1.0,1.0,0.0,24.145239,86.334999,0.6666666666666666
103,Azerbaijan Integrated Steel Mill Complex,0.0,1,1.0,1.0,0.0,40.721908,46.363526,0.6666666666666666
104,Azna Steel,0.0,1,1.0,1.0,0.0,33.464353,49.391373,0.6666666666666666
105,BAP Al-Khair Steel Company,0.0,1,1.0,1.0,0.0,27.49794789593726,49.18415539099505,0.6666666666666666
106,BERIS Jiangsu Heavy Industry Co Ltd,0.0,1,1.0,1.0,0.0,32.104319,119.792126,0.6666666666666666
107,BES Brandenburger Elektrostahlwerke GmbH,0.0,1,1.0,1.0,0.0,52.402617,12.496135,0.6666666666666666
108,BMM Ispat Ltd,5700.0,1,1.0,1.0,0.0,15.16972,76.37971,0.6666666666666666
109,BMZ-Upravlyayushchaya Kompaniya Kholdinga BMK JSC,0.0,1,1.0,1.0,0.0,52.849321,29.988985,0.6666666666666666
110,BSRM Steels Ltd,0.0,1,1.0,1.0,0.0,22.873774,91.545562,0.6666666666666666
111,Badische Stahlwerke GmbH,0.0,1,1.0,1.0,0.0,48.595058,7.821633,0.6666666666666666
112,Bafgh Mineral Complex Iron & Steel Co,5000.0,1,1.0,1.0,0.0,31.699307,55.440187,0.6666666666666666
113,Baicheng Fuda Bar Rolling Co Ltd,0.0,1,1.0,1.0,0.0,45.593303,122.895588,0.6666666666666666
114,Baku Steel Company QSC,0.0,1,1.0,1.0,0.0,40.43136,49.886867,0.6666666666666666
115,Baldota Steel and Power Ltd,0.0,1,1.0,1.0,0.0,15.332616,76.206778,0.6666666666666666
116,Bangkok Steel Industry PCL,0.0,1,0.0,0.0,0.0,13.647672,100.553882,0.0
117,Bangladesh Steel Re-Rolling Mills Ltd,0.0,1,1.0,1.0,0.0,22.870631,91.545862,0.6666666666666666
118,Baobab Steel Ltd,4850.0,1,1.0,1.0,0.0,-15.724345,33.762664,0.6666666666666666
119,Baoshan Iron & Steel Co Ltd,0.0,1,1.0,1.0,0.0,31.41623,121.440087,0.6666666666666666
120,Baosteel Desheng Stainless Steel Co Ltd,2960.0,1,1.0,1.0,0.0,26.48747,119.654461,0.6666666666666666
121,Baosteel Group Xinjiang Bayi Iron & Steel Co Ltd,0.0,1,1.0,1.0,0.0,43.852147,87.304639,0.6666666666666666
122,Baosteel Special Metals Co Ltd,0.0,1,1.0,1.0,0.0,31.379422,121.484652,0.6666666666666666
123,Baosteel Zhanjiang Iron & Steel Co Ltd,18506.0,1,1.0,1.0,0.0,21.056035,110.48657,0.6666666666666666
124,Baotou Baoxin Special Steel Co Ltd,0.0,1,1.0,1.0,0.0,41.362925,110.988771,0.6666666666666666
125,Baotou DA AN IRON&STEEL Co Ltd,0.0,1,1.0,1.0,0.0,40.688731000000004,109.75999300000001,0.6666666666666666
126,Baotou Deshun Spec. Steel Co Ltd,0.0,1,1.0,1.0,0.0,40.9019,110.336253,0.6666666666666666
127,Baotou Jiyu Steel Co Ltd,0.0,1,1.0,1.0,0.0,40.662343,109.696243,0.6666666666666666
128,Baowu Group Echeng Iron & Steel Co Ltd,0.0,1,1.0,1.0,0.0,30.39574,114.861313,0.6666666666666666
129,Bashundhara Multi Steel Industries Ltd,0.0,1,1.0,1.0,0.0,22.719278,91.470382,0.6666666666666666
130,Beijing Shougang Co Ltd,0.0,1,1.0,1.0,0.0,39.976702,118.558788,0.6666666666666666
131,Bengang Steel Plates Co Ltd,0.0,1,1.0,1.0,0.0,41.274132,123.722099,0.6666666666666666
132,Benteler Steel/Tube GmbH,0.0,1,1.0,1.0,0.0,52.467622,7.317169,0.6666666666666666
133,Benxi Beiying Iron & Steel (GROUP) Co Ltd,0.0,1,1.0,1.0,0.0,41.224814,123.608374,0.6666666666666666
134,Berhard Development Corporation (Private) Ltd,1200.0,1,1.0,1.0,0.0,-19.055102,29.782424,0.6666666666666666
135,Bhushan Power & Steel Ltd,0.0,1,1.0,1.0,0.0,22.665526,85.64622,0.6666666666666666
136,Big River Steel LLC,0.0,1,1.0,1.0,1.0,35.644264,-89.941659,1.0
137,Blastr Green Steel AS,0.0,1,1.0,1.0,0.0,60.0175,23.9126,0.6666666666666666
138,BlueScope Steel Ltd,0.0,2,1.0,1.0,0.5,2.6759389999999996,24.805504999999997,0.8333333333333334
139,Bonab Steel Complex,0.0,1,1.0,1.0,0.0,37.417437,46.035778,0.6666666666666666
140,Briquetera del Orinoco CA,0.0,1,1.0,1.0,0.0,8.274965,-62.819282,0.6666666666666666
141,British Steel Ltd,0.0,1,1.0,1.0,0.0,54.085131000000004,-0.874782,0.6666666666666666
142,Butia Iranian Steel Co,2500.0,1,1.0,1.0,0.0,30.4912,56.8214,0.6666666666666666
143,CMC Poland SP zoo,0.0,1,1.0,1.0,0.0,50.487463,19.456759,0.6666666666666666
144,CVG Ferrominera Orinoco CA,0.0,1,1.0,1.0,0.0,8.33468,-62.728842,0.6666666666666666
145,Cambodia Iron & Steel Mining Industry Group Co Ltd,0.0,1,1.0,1.0,0.0,13.366642,105.118129,0.6666666666666666
146,Cangzhou China Railway Equipment Manufacturing Materials Co Ltd,6763.0,1,1.0,1.0,0.0,38.289221,117.814367,0.6666666666666666
147,Cangzhou Lingang Sanling Metal Co Ltd,0.0,1,1.0,1.0,0.0,38.311738,117.457779,0.6666666666666666
148,Captain Steel India Ltd,0.0,1,1.0,1.0,0.0,22.855859,87.345018,0.6666666666666666
149,Cascade Steel Rolling Mills Inc,0.0,1,1.0,1.0,0.0,45.228035,-123.163599,0.6666666666666666
150,Celsa France SAS,0.0,1,1.0,1.0,0.0,43.529693,-1.500971,0.6666666666666666
151,Celsa Huta Ostrowiec SP zoo,0.0,1,1.0,1.0,0.0,50.947305,21.448763,0.6666666666666666
152,Century Steel Pte Ltd,0.0,1,1.0,1.0,0.0,34.124213,72.019181,0.6666666666666666
153,Ceylon Steel Co Ltd,0.0,1,1.0,1.0,0.0,6.128077,81.075224,0.6666666666666666
154,Chadormalu Mining & Industrial Co,4000.0,1,1.0,1.0,0.0,32.387328,53.747706,0.6666666666666666
155,Changshu Longteng Special Steel Co Ltd,0.0,1,1.0,1.0,0.0,31.723833,120.835685,0.6666666666666666
156,Changzhou Dongfang Special Steel Co Ltd,0.0,1,1.0,1.0,0.0,31.602554,119.724256,0.6666666666666666
157,Chart and Capstone Integrated Ltd,0.0,1,1.0,1.0,0.0,7.69346,6.806937,0.6666666666666666
158,Charter Manufacturing Co Inc,0.0,1,1.0,1.0,0.0,42.42184,-84.8040555,0.6666666666666666
159,Chelyabinskiy Metallurgicheskiy Kombinat PJSC,7400.0,1,1.0,1.0,0.0,55.27073,61.436492,0.6666666666666666
160,Chelyabinskiy Truboprokatnyi Zavod JSC,0.0,1,1.0,1.0,0.0,56.90205,59.992198,0.6666666666666666
161,Chengde Jianlong SPECIAL Steel Co Ltd,1805.0,1,1.0,1.0,0.0,40.515035,117.596071,0.6666666666666666
162,Chengde Shengfeng Iron & Steel Co Ltd,0.0,1,1.0,1.0,0.0,40.622466,118.490845,0.6666666666666666
163,Chengde Street Ltd,0.0,1,1.0,1.0,0.0,40.947707,117.719747,0.6666666666666666
164,Chengde Zhaofeng Steel Group Co Ltd,10000.0,1,1.0,1.0,0.0,40.593875,118.633334,0.6666666666666666
165,Chengdu Changfeng Steel Group Co Ltd,0.0,1,1.0,1.0,0.0,31.031921,103.672956,0.6666666666666666
166,Chengyu Vanadium & Titanium Technology Co Ltd,1100.0,1,1.0,1.0,0.0,29.732143,104.504339,0.6666666666666666
167,Chifeng Yuanlian Steel Co Ltd,0.0,1,1.0,1.0,0.0,42.278115,119.015289,0.6666666666666666
168,Chifeng Zhongtang Special Steel Co Ltd,0.0,1,1.0,1.0,0.0,41.834064,119.281883,0.6666666666666666
169,China Steel Corp,0.0,1,1.0,1.0,0.0,22.555442,120.349252,0.6666666666666666
170,Chizhou Guichi Guihang Metal Products Co Ltd,0.0,1,1.0,1.0,0.0,30.532786,117.25166,0.6666666666666666
171,Chongli Steel Manufacturing Co Ltd,800.0,1,1.0,1.0,0.0,36.602468,113.755744,0.6666666666666666
172,Chongqing Iron & Steel Co Ltd,0.0,1,1.0,1.0,0.0,29.790253,107.040368,0.6666666666666666
173,Chongqing Yonghang Steel Group Co Ltd,0.0,1,1.0,1.0,0.0,29.836163,106.988138,0.6666666666666666
174,Chongqing Zuhang Steel Co Ltd,0.0,1,1.0,1.0,0.0,29.440056,105.741929,0.6666666666666666
175,Chow Steel Industries PCL,0.0,1,1.0,1.0,0.0,14.074757,101.84215,0.6666666666666666
176,Chubu Steel Plate Co Ltd,0.0,1,1.0,1.0,0.0,35.118836,136.867567,0.6666666666666666
177,Cleveland-Cliffs Inc,7627.0,2,1.0,1.0,0.0,41.211778833333334,-82.50965675,0.6666666666666666
178,Columbus Stainless (Pty) Ltd,0.0,1,1.0,1.0,0.0,-25.796313,29.497972,0.6666666666666666
179,Commercial Metals Co,0.0,1,1.0,1.0,0.0,33.87139514285714,-88.24068757142857,0.6666666666666666
180,Companhia Siderurgica do Cuchi SA,0.0,1,1.0,1.0,0.0,-14.650166,16.925606,0.6666666666666666
181,Companhia Siderúrgica Nacional SA,8610.0,1,1.0,1.0,0.0,-22.512631,-44.11287,0.6666666666666666
182,Compania Espanola de Laminacion SL,0.0,1,1.0,1.0,0.0,41.454855,1.980107,0.6666666666666666
183,Compania Siderurgica Huachipato SA,500.0,1,1.0,1.0,0.0,-36.746421,-73.129171,0.6666666666666666
184,Complejo Siderurgico de Guayana CA,0.0,1,1.0,1.0,0.0,8.297662,-62.780149,0.6666666666666666
185,Corporacion Aceros Arequipa SA,0.0,1,1.0,1.0,0.0,-13.788622,-76.168173,0.6666666666666666
186,Corporacion Venezolana de Guayana,0.0,1,1.0,1.0,0.0,8.290142,-62.805419,0.6666666666666666
187,Corporación AG SA,0.0,1,1.0,1.0,0.0,14.232007,-90.815444,0.6666666666666666
188,Corrugados Getafe SL,0.0,1,1.0,1.0,0.0,40.310803,-3.703568,0.6666666666666666
189,Crest Steel and Power Pvt Ltd,1400.0,1,1.0,1.0,0.0,21.190313,81.19922,0.6666666666666666
190,Cristian Lay SL,0.0,1,1.0,1.0,0.0,43.179125,-2.255939,0.6666666666666666
191,DELONG Steel Ltd,2216.0,1,1.0,1.0,0.0,37.086116,114.384832,0.6666666666666666
192,DRI d'Italia SpA,0.0,1,1.0,1.0,0.0,40.508993,17.207589,0.6666666666666666
193,DST Nghi Son Iron and Steel JSC,0.0,1,1.0,1.0,0.0,19.367379,105.675841,0.6666666666666666
194,Daehan Steel Co Ltd,0.0,1,1.0,1.0,0.0,35.099098,128.860339,0.6666666666666666
195,Daido Steel Co Ltd,0.0,1,1.0,1.0,0.0,35.016404,136.864744,0.6666666666666666
196,Dalmine SpA,0.0,1,1.0,1.0,0.0,45.641516,9.600242,0.6666666666666666
197,Danyang Longjiang Steel Co Ltd,2300.0,1,1.0,1.0,0.0,32.027791,119.57706,0.6666666666666666
198,Dar Al Arkan Real Estate Development Company SJSC,0.0,1,1.0,1.0,0.0,21.524005,39.240633,0.6666666666666666
199,Daric Investment Holding Co,0.0,1,1.0,1.0,0.0,37.987218999999996,46.35052,0.6666666666666666
200,Daye Huaxin Industrial Co Ltd,2320.0,1,1.0,1.0,0.0,30.070219,114.926251,0.6666666666666666
201,Daye SPECIAL Steel Co Ltd,0.0,1,1.0,1.0,0.0,30.204603,115.125838,0.6666666666666666
202,Dazhou Hangda Steel Co Ltd,0.0,1,1.0,1.0,0.0,31.435149,107.685981,0.6666666666666666
203,DeAcero SAPI de CV,0.0,1,1.0,1.0,0.0,23.014859,-100.943702,0.6666666666666666
204,Delta Steel Company Ltd,250.0,1,1.0,1.0,0.0,30.11843,31.281264,0.6666666666666666
205,Deutsche Edelstahlwerke GmbH,0.0,1,1.0,1.0,0.0,50.922844,8.024006,0.6666666666666666
206,Devki Steel Mills Ltd,0.0,1,1.0,1.0,0.0,-3.77734,39.279963,0.6666666666666666
207,Dexin Steel Pte Ltd,0.0,1,1.0,1.0,0.0,-2.829514,122.174896,0.6666666666666666
208,Diler Demir Celik Endustri ve Ticaret AŞ,0.0,1,1.0,1.0,0.0,40.783161,29.533568,0.6666666666666666
209,Dinson Iron & Steel Company Pvt Ltd,0.0,1,1.0,1.0,0.0,-18.940658,30.608968,0.6666666666666666
210,Dnipro Metallurgical Plant PJSC,1040.0,1,1.0,1.0,0.0,48.48079,34.978097,0.6666666666666666
211,Donalam SRL,0.0,1,1.0,1.0,0.0,44.904569,25.458124,0.6666666666666666
212,Donelektrostal LLC,0.0,1,1.0,1.0,0.0,47.740352,40.18942,0.6666666666666666
213,Dongbei Special Steel Group Dalian Special Steel Co Ltd,0.0,1,1.0,1.0,0.0,39.193697,122.057788,0.6666666666666666
214,Dongkuk Steel Mill Co Ltd,0.0,1,1.0,1.0,0.0,36.7439675,128.01810799999998,0.6666666666666666
215,Dragon Steel Corp,8318.0,1,1.0,1.0,0.0,24.226897,120.493911,0.6666666666666666
216,Duferco Travi e Profilati SpA,0.0,1,1.0,1.0,0.0,45.478363,10.209234,0.6666666666666666
217,E-Top Metal Co Ltd,0.0,1,1.0,1.0,0.0,24.167872,120.505482,0.6666666666666666
218,ESF Elbe-Stahlwerke Feralpi GmbH,0.0,1,1.0,1.0,0.0,51.3128,13.280386,0.6666666666666666
219,ESL Steel Ltd,3400.0,1,1.0,1.0,0.0,23.632907,86.293671,0.6666666666666666
220,ETRHB Industrie SpA,0.0,1,1.0,1.0,0.0,36.834412,7.45494,0.6666666666666666
221,Eastern Steel Sdn Bhd,800.0,1,0.0,0.0,0.0,4.285062,103.432551,0.0
222,Ecolant LLC,0.0,1,1.0,1.0,0.0,55.323946,42.150702,0.6666666666666666
223,Eden Flame Sdn Bhd,0.0,1,1.0,1.0,0.0,1.451512,103.917306,0.6666666666666666
224,Ege Celik Endustrisi Sanayi ve Ticaret AŞ,0.0,1,1.0,1.0,0.0,38.728005,26.940095,0.6666666666666666
225,Egyptian American Steel Rolling Company SAE,0.0,1,1.0,1.0,0.0,30.389174,30.571894,0.6666666666666666
226,Egyptian Iron & Steel Co,3000.0,1,1.0,1.0,0.0,29.774458,31.312013,0.6666666666666666
227,Egyptian Sponge Iron & Steel Company SAE,0.0,1,1.0,1.0,0.0,30.393079,30.58773,0.6666666666666666
228,Egyptian Steel Group,0.0,1,1.0,1.0,0.0,29.40006,31.764005,0.6666666666666666
229,Ekinciler Demir ve Celik Sanayi AŞ,0.0,1,1.0,1.0,0.0,36.690115,36.205739,0.6666666666666666
230,Ekos Steel Mill PLC,0.0,1,1.0,1.0,0.0,8.781155,38.932065,0.6666666666666666
231,Electrasteel Inc,0.0,1,1.0,1.0,0.0,40.06301,-105.221982,0.6666666666666666
232,Electrosteel Castings Ltd,780.0,1,1.0,1.0,0.0,13.717188,79.630588,0.6666666666666666
233,Empresa Siderurgica del Peru SAA,0.0,1,1.0,1.0,0.0,-9.059693,-78.601178,0.6666666666666666
234,Empresa Siderúrgica del Mutún,400.0,1,1.0,1.0,0.0,-19.137325,-57.880605,0.6666666666666666
235,Emsteel Building Materials PJSC,0.0,1,1.0,1.0,1.0,24.322033,54.467987,1.0
236,Eregli Demir ve Celik Fabrikalari AŞ,0.0,1,1.0,1.0,0.0,41.261469,31.420106,0.6666666666666666
237,Esfahan Steel Co,0.0,1,1.0,1.0,0.0,32.418304,51.331314,0.6666666666666666
238,Essar Global Fund Ltd,0.0,1,1.0,1.0,0.0,27.544749,49.208103,0.6666666666666666
239,Esteel Enterprise Sabah Sdn Bhd,0.0,1,1.0,1.0,0.0,6.104211,116.202218,0.6666666666666666
240,Eurasian Resources Group SARL; China Baowu Steel Group Co Ltd,0.0,1,1.0,1.0,0.0,52.9775332,63.1825737,0.6666666666666666
241,Evonith Metallics Ltd,1500.0,1,1.0,1.0,0.0,20.700508499999998,78.62942050000001,0.6666666666666666
242,Evraz NTMK JSC,2300.0,1,1.0,1.0,0.0,57.922851,60.033543,0.6666666666666666
243,Evraz North America PLC,0.0,2,1.0,1.0,0.0,44.37038,-104.619242,0.6666666666666666
244,Evraz ZSMK JSC,12410.0,1,1.0,1.0,0.0,53.88618,87.257618,0.6666666666666666
245,Ezhou Hongtai Steel Co Ltd,0.0,1,1.0,1.0,0.0,30.532352,114.747597,0.6666666666666666
246,Ezz Steel Co,0.0,1,1.0,1.0,0.0,30.382179,30.563029,0.6666666666666666
247,F&F Steel,0.0,1,1.0,1.0,0.0,36.115147,43.977052,0.6666666666666666
248,Faizan Steel,0.0,1,1.0,1.0,0.0,24.897652,66.985678,0.6666666666666666
249,Fangchenggang Jinxi Steel Technology Co Ltd,0.0,1,1.0,1.0,0.0,21.646525,108.369582,0.6666666666666666
250,Fangda Special Steel Technology Co Ltd,3843.0,1,1.0,1.0,0.0,28.645441,115.99204,0.6666666666666666
251,Feng Hsin Steel Co Ltd,0.0,1,1.0,1.0,0.0,24.31287,120.712774,0.6666666666666666
252,Feralpi Siderurgica SpA,0.0,1,1.0,1.0,0.0,45.460582,10.456748,0.6666666666666666
253,Ferriera Valsabbia SpA,0.0,1,1.0,1.0,0.0,45.642905,10.380199,0.6666666666666666
254,Ferriere Nord SpA,0.0,1,1.0,1.0,0.0,46.232199,13.079104,0.6666666666666666
255,Ferrostal Labedy SP zoo,0.0,1,1.0,1.0,0.0,50.357438,18.610739,0.6666666666666666
256,Formosa Ha Tinh Steel Corp,13000.0,1,1.0,1.0,0.0,18.036333,106.428271,0.6666666666666666
257,Fortescue Ltd,0.0,1,1.0,1.0,0.0,-22.398723,119.725896,0.6666666666666666
258,"Fugang METAL Manufacturing Co.ltd.,jilinjigang Steel Group",0.0,1,1.0,1.0,0.0,44.022802,125.505627,0.6666666666666666
259,Fuhai Group New Energy Holding Co Ltd,0.0,1,1.0,1.0,0.0,-1.556636,103.679366,0.6666666666666666
260,Fujian Dingsheng Steel Co Ltd,0.0,1,1.0,1.0,0.0,27.224477,120.328828,0.6666666666666666
261,Fujian Dingxin Industry Co Ltd,300.0,1,1.0,1.0,0.0,26.7695,119.738519,0.6666666666666666
262,Fujian Fuxin Special Steel Co Ltd,0.0,1,1.0,1.0,0.0,24.472439,117.94885,0.6666666666666666
263,Fujian Great Dong Hai Industrial Group Co Ltd,0.0,1,1.0,1.0,0.0,25.737777,119.592239,0.6666666666666666
264,Fujian Hengwang Investment Co Ltd,0.0,1,1.0,1.0,0.0,42.3375414,69.7356008,0.6666666666666666
265,Fujian Longgang New Materials Co Ltd,0.0,1,1.0,1.0,0.0,25.357408,117.362096,0.6666666666666666
266,Fujian Luoyuan Minguang Iron & Steel Co Ltd,2230.0,1,1.0,1.0,0.0,26.483815,119.67105,0.6666666666666666
267,Fujian Qingtuo New Material Co Ltd,0.0,1,1.0,1.0,0.0,26.779301,119.767935,0.6666666666666666
268,Fujian San'an Iron & Steel Co Ltd,0.0,1,1.0,1.0,0.0,25.244396,118.029905,0.6666666666666666
269,Fujian Sanbao Steel Co Ltd,0.0,1,1.0,1.0,0.0,24.635769,117.603677,0.6666666666666666
270,Fujian Tsingtuo Nickel Industry Co Ltd,1000.0,1,1.0,1.0,0.0,26.768925,119.765203,0.6666666666666666
271,Fujian Wuhang Stainless Steel Products Co Ltd,0.0,1,1.0,1.0,0.0,25.95923,119.452018,0.6666666666666666
272,Fujian Yixin Steel & Iron Co Ltd,0.0,1,1.0,1.0,0.0,26.491308,119.63624,0.6666666666666666
273,Fulun Iron & Steel Co Ltd,0.0,1,1.0,1.0,0.0,36.308447,117.540425,0.6666666666666666
274,Fushun HANWANG Direct Reduced Iron Co Ltd,0.0,1,1.0,1.0,0.0,41.670998,123.85143,0.6666666666666666
275,Fushun New Steel Corp Ltd,0.0,1,1.0,1.0,0.0,41.841223,123.753895,0.6666666666666666
276,Fushun Special Steel Co Ltd,0.0,1,1.0,1.0,0.0,41.838774,123.806586,0.6666666666666666
277,Fuzhou Wuhang Steel Products Co Ltd,0.0,1,1.0,1.0,0.0,25.995101,119.495725,0.6666666666666666
278,G J Steel PCL,0.0,1,1.0,1.0,0.0,13.054668,101.078842,0.6666666666666666
279,G Steel PCL,0.0,1,1.0,1.0,0.0,12.793786,101.244592,0.6666666666666666
280,GFG Alliance Ltd,0.0,1,1.0,1.0,0.0,-33.009381,137.587836,0.6666666666666666
281,GLGH Steel,0.0,1,1.0,1.0,0.0,45.293492,21.90241,0.6666666666666666
282,GPH Ispat Ltd,0.0,1,1.0,1.0,0.0,22.536569,91.700729,0.6666666666666666
283,GV do Brasil Industria e Comercio de Aço Ltda,0.0,1,1.0,1.0,0.0,-21.632410999999998,-42.887049000000005,0.6666666666666666
284,Gallantt Ispat Ltd,0.0,1,1.0,1.0,0.0,26.757009,83.199086,0.6666666666666666
285,Gansu Jiu Steel Group Hongxing Iron and Steel Co Ltd,9500.0,1,1.0,1.0,0.0,39.812121,98.295555,0.6666666666666666
286,Gaolan County Lanxin Steel Co Ltd,0.0,1,1.0,1.0,0.0,36.488866,103.922,0.6666666666666666
287,Georgsmarienhuette GmbH,0.0,1,1.0,1.0,0.0,52.2122334,8.0420724,0.6666666666666666
288,Gerdau Acominas SA,8367.0,1,1.0,1.0,0.0,-20.543507,-43.75295,0.6666666666666666
289,Gerdau Acos Longos SA,0.0,1,1.0,1.0,0.0,-23.014758,-46.28457325,0.6666666666666666
290,Gerdau Ameristeel Corp,0.0,2,1.0,1.0,0.0,38.195105875,-87.21793325,0.6666666666666666
291,Gerdau Corsa SAPI de CV,0.0,1,1.0,1.0,0.0,19.6918405,-98.88839899999999,0.6666666666666666
292,Gerdau SA,0.0,1,1.0,1.0,0.0,-22.89918,-45.347726,0.6666666666666666
293,Ghaenat Steel Complex,0.0,1,1.0,1.0,0.0,33.926909,59.007852,0.6666666666666666
294,Global Steel Wire SA,0.0,1,1.0,1.0,0.0,43.445344,-3.839228,0.6666666666666666
295,Godawari Power and Ispat Ltd,7100.0,1,1.0,1.0,0.0,21.470623,81.7106675,0.6666666666666666
296,Godo Steel Ltd,0.0,1,1.0,1.0,0.0,35.057881,136.68735066666667,0.6666666666666666
297,Gohar Zamin Iron Ore Co,5000.0,1,1.0,1.0,0.0,29.134614,55.360773,0.6666666666666666
298,Government of North Korea,0.0,1,1.0,1.0,0.0,40.300073,127.68613049999999,0.6666666666666666
299,GravitHy,0.0,2,1.0,1.0,0.0,52.855224,13.115966,0.6666666666666666
300,Green Steel of WA Pty Ltd,0.0,1,1.0,1.0,0.0,-31.054427999999998,115.5199465,0.6666666666666666
301,Groupe Industriel Sider SpA,0.0,1,1.0,1.0,0.0,36.795924,7.707633,0.6666666666666666
302,Grupo Acerero SA de CV,0.0,1,1.0,1.0,0.0,22.087328,-100.901902,0.6666666666666666
303,GuangDong Xinxing Ductile Iron Pipes Co Ltd,0.0,1,1.0,1.0,0.0,22.09914,111.665479,0.6666666666666666
304,"Guangde Xinyuanda Metal Products Co., Ltd. Co Ltd",0.0,1,1.0,1.0,0.0,31.0494162,119.5296269,0.6666666666666666
305,Guangdong Guangqing METAL Technology Co Ltd,300.0,1,1.0,1.0,0.0,21.697069,111.848841,0.6666666666666666
306,Guangdong Jingye Iron and Steel Co Ltd,0.0,1,1.0,1.0,0.0,23.454666,116.498483,0.6666666666666666
307,Guangdong Jinshenglan Metallurgical Technology Co Ltd,0.0,1,1.0,1.0,0.0,22.888729,112.263081,0.6666666666666666
308,Guangdong Nanfang Donghai Iron and Steel Co Ltd,0.0,1,1.0,1.0,0.0,22.907614,112.224952,0.6666666666666666
309,Guangdong Yuebei United Steel Co Ltd,0.0,1,1.0,1.0,0.0,24.262452,113.728198,0.6666666666666666
310,Guangshui Huaxin Smelt Industry Co Ltd,0.0,1,1.0,1.0,0.0,31.50221,114.008142,0.6666666666666666
311,Guangxi BG New Materials Co Ltd,3400.0,1,1.0,1.0,0.0,21.519924,109.506427,0.6666666666666666
312,Guangxi Chiji Iron and Steel Co Ltd,0.0,1,1.0,1.0,0.0,23.402121,111.134606,0.6666666666666666
313,Guangxi Deyuan Metallurgy Co Ltd,0.0,1,1.0,1.0,0.0,22.785653,109.11917,0.6666666666666666
314,Guangxi Guigang Iron and Steel Group Co Ltd,0.0,1,1.0,1.0,0.0,23.088182,109.634638,0.6666666666666666
315,Guangxi Guigang Iron and Steel Group Guigang Guibao SPECIAL Steel Co Ltd,0.0,1,1.0,1.0,0.0,23.089502,109.63938,0.6666666666666666
316,Guangxi Guixin Steel Group Co Ltd,0.0,1,1.0,1.0,0.0,23.978962,111.735523,0.6666666666666666
317,Guangxi Hezhou Kexinda Metal Products Co Ltd,0.0,1,1.0,1.0,0.0,23.979937,111.745037,0.6666666666666666
318,Guangxi Iron and Steel Group Co Ltd,14230.0,1,1.0,1.0,0.0,21.580723,108.400896,0.6666666666666666
319,Guangxi Liugang Zhongjin Stainless Steel Co Ltd,1200.0,1,1.0,1.0,0.0,21.67261,109.741866,0.6666666666666666
320,Guangxi Longzhou Zhongheng Wanhua Industrial Co Ltd,0.0,1,1.0,1.0,0.0,23.1567485,109.43017850000001,0.6666666666666666
321,Guangxi Shenglong Metallurgical Co Ltd,0.0,1,1.0,1.0,0.0,21.687637,108.412344,0.6666666666666666
322,Guangxi Wuzhou Jinhai Stainless Steel Co Ltd,0.0,1,1.0,1.0,0.0,23.518229,111.235509,0.6666666666666666
323,Guilin Pinggang Iron and Steel Co Ltd,0.0,1,1.0,1.0,0.0,24.673567,110.78959,0.6666666666666666
324,Guizhou Ganglian Industrial Group Co Ltd,0.0,1,1.0,1.0,0.0,27.615147,106.949926,0.6666666666666666
325,Guizhou Hexing Metal Products Co Ltd,0.0,1,1.0,1.0,0.0,26.509525,107.570458,0.6666666666666666
326,Guizhou United Steel (Group) Co Ltd,0.0,1,1.0,1.0,0.0,27.591691,106.814024,0.6666666666666666
327,Gulf Tubing Co,0.0,1,1.0,1.0,0.0,27.502041,49.189647,0.6666666666666666
328,H2gs AB,0.0,1,1.0,1.0,0.0,-34.4637185,150.8865407,0.6666666666666666
329,HBIS Group Serbia Iron & Steel Beograd doo,0.0,1,1.0,1.0,0.0,44.606332,20.970066,0.6666666666666666
330,HBIS Laoting Steel Co Ltd,8803.0,1,1.0,1.0,0.0,39.257823,119.033567,0.6666666666666666
331,HES Hennigsdorfer Elektrostahlwerke GmbH,0.0,1,1.0,1.0,0.0,52.650903,13.212683,0.6666666666666666
332,Habas Industrial and Medical Gases Production Industries AŞ,0.0,1,1.0,1.0,0.0,38.751462,26.950172,0.6666666666666666
333,Hadeed Metal Manufacturing Co,0.0,1,1.0,1.0,0.0,33.626258,36.574968,0.6666666666666666
334,Hai Kwang Enterprise Corp,0.0,1,0.0,0.0,0.0,22.550634,120.365645,0.0
335,Halyvourgiki SA,0.0,1,1.0,1.0,0.0,38.043873,23.508083,0.6666666666666666
336,Handan Iron and Steel Group Co Ltd,0.0,1,1.0,1.0,0.0,36.601308,114.439889,0.6666666666666666
337,Hanshan Iron and Steel Co Ltd,0.0,1,1.0,1.0,0.0,36.685881,113.837073,0.6666666666666666
338,Hbzx HIGH Tech Co Ltd,0.0,1,1.0,1.0,0.0,40.607977,115.067516,0.6666666666666666
339,Hebei Anfeng Iron & Steel Co Ltd,5900.0,1,1.0,1.0,0.0,39.65849,118.894804,0.6666666666666666
340,Hebei Baoxin Iron and Steel Group Co Ltd,2000.0,1,1.0,1.0,0.0,36.555205,114.108273,0.6666666666666666
341,Hebei Bishi Industry Group Co Ltd,2400.0,1,1.0,1.0,0.0,-6.896426,110.220286,0.6666666666666666
342,Hebei Donghai SPECIAL Steel Group Co Ltd,0.0,1,1.0,1.0,0.0,39.610605,118.474722,0.6666666666666666
343,Hebei Huaxi Special Steel Co Ltd,0.0,1,1.0,1.0,0.0,39.260784,119.005925,0.6666666666666666
344,Hebei Huaxin Special Steel Co Ltd,0.0,1,1.0,1.0,0.0,36.53048,114.245262,0.6666666666666666
345,Hebei Jinxi Iron & Steel Group Co Ltd,16840.0,1,1.0,1.0,0.0,40.209844,118.220547,0.6666666666666666
346,Hebei New Wuan Iron and Steel Group Xin Hui Metallurgy Co Ltd,0.0,1,1.0,1.0,0.0,36.664097,114.115263,0.6666666666666666
347,Hebei New Wuan Lron and Steel Group Hong Rong Lron and Steel Co Ltd,0.0,1,1.0,1.0,0.0,36.640411,113.981172,0.6666666666666666
348,Hebei New Wuan Steel Group Wenan IRON&STEEL Co Ltd,4000.0,1,1.0,1.0,0.0,36.655461,114.06882949999999,0.6666666666666666
349,Hebei PROVINCE Longfengshan Casting Industry Co Ltd,0.0,1,1.0,1.0,0.0,36.705105,114.105387,0.6666666666666666
350,Hebei Puyang Iron and Steel Co Ltd,10416.0,1,1.0,1.0,0.0,36.733675,113.925995,0.6666666666666666
351,Hebei Rongxin Iron & Steel Co Ltd,0.0,1,1.0,1.0,0.0,39.880661,118.558755,0.6666666666666666
352,Hebei Taihang Iron and Steel Group Co Ltd,0.0,1,1.0,1.0,0.0,36.613716,114.082349,0.6666666666666666
353,Hebei Tangyin IRON&STEEL Co Ltd,6500.0,1,1.0,1.0,0.0,39.4298775,118.321497,0.6666666666666666
354,Hebei Tianzhu IRON&STEEL (GROUP) Co Ltd,0.0,1,1.0,1.0,0.0,39.803524,118.205663,0.6666666666666666
355,Hebei Tianzhu Iron and Steel Group Special Steel Co Ltd,0.0,1,1.0,1.0,0.0,39.270032,119.01376,0.6666666666666666
356,Hebei Wenfeng STEEL&IRON Co Ltd,0.0,1,1.0,1.0,0.0,36.64577,114.124258,0.6666666666666666
357,Hebei Xinda Iron and Steel Co Ltd,0.0,1,1.0,1.0,0.0,39.898362,118.579364,0.6666666666666666
358,Hebei Xinfeng High-pressure Flange and Pipe Fitting Co Ltd,0.0,1,1.0,1.0,0.0,29.71349,32.31094,0.6666666666666666
359,Hebei Xinghua Iron and Steel Co Ltd,0.0,1,1.0,1.0,0.0,36.744936,114.111602,0.6666666666666666
360,Hebei Xinjin Iron and Steel Co Ltd,0.0,1,1.0,1.0,0.0,36.715632,114.208992,0.6666666666666666
361,Hebei Xinwuan Iron and Steel Group Co Ltd,0.0,1,1.0,1.0,0.0,3.586453,113.359851,0.6666666666666666
362,Hebei Xinxing Ductile Iron Pipes Co Ltd,0.0,1,1.0,1.0,0.0,36.621504,114.128189,0.6666666666666666
363,Hebei Yanshan Iron and Steel Group Co Ltd,0.0,1,1.0,1.0,0.0,39.925508,118.672757,0.6666666666666666
364,Hebei YongYang Special Steel Group Co Ltd,0.0,1,1.0,1.0,0.0,36.786851,114.376132,0.6666666666666666
365,Hebei Zongheng Group Fengnan Iron & Steel Co Ltd,0.0,1,1.0,1.0,0.0,39.222566,118.094201,0.6666666666666666
366,Heilongjiang Jianlong Iron and Steel Co Ltd,5440.0,1,1.0,1.0,0.0,46.602297,131.071877,0.6666666666666666
367,Hejin Huaxinyuan Steel & Iron Co Ltd,0.0,1,1.0,1.0,0.0,35.605506,110.652056,0.6666666666666666
368,Hellenic Halyvourgia SA,0.0,1,1.0,1.0,0.0,39.38588,22.80745,0.6666666666666666
369,Henan Angang Zhoukou Iron and Steel Co Ltd,0.0,1,1.0,1.0,0.0,33.364534,115.099661,0.6666666666666666
370,Henan Changtai Stainless Steel Plate Co Ltd,0.0,1,1.0,1.0,0.0,34.702951,112.955911,0.6666666666666666
371,Henan Fengbao SPECIAL Steel Co Ltd,0.0,1,1.0,1.0,0.0,36.131666,113.872158,0.6666666666666666
372,Henan Jiyuan Iron & Steel (Group) Co Ltd,0.0,1,1.0,1.0,0.0,35.086396,112.553774,0.6666666666666666
373,Henan Xinjinhui Stainless Steel Industry Co Ltd,0.0,1,1.0,1.0,0.0,34.263509,113.853979,0.6666666666666666
374,Henan YAXIN Steel Industry Co Ltd,0.0,1,1.0,1.0,0.0,35.879956,114.334825,0.6666666666666666
375,Hengyang Valin Steel Tube Co Ltd,0.0,1,1.0,1.0,0.0,26.865484,112.576853,0.6666666666666666
376,Heping Yueshen Steel Industrial Co Ltd,0.0,1,1.0,1.0,0.0,24.49796,114.93888,0.6666666666666666
377,Heyuan Derun Steel Co Ltd,0.0,1,1.0,1.0,0.0,23.5457045,114.820847,0.6666666666666666
378,Hezhou Xindu Sanyuan Casting Co Ltd,0.0,1,1.0,1.0,0.0,23.987007,111.739775,0.6666666666666666
379,Hezhou Zhaoxin Hardware Products Co Ltd,0.0,1,1.0,1.0,0.0,23.978567,111.735529,0.6666666666666666
380,Hmisho Steel SA,0.0,1,1.0,1.0,0.0,34.364258,36.803848,0.6666666666666666
381,Hoa Phat Dung Quat Steel JSC,3800.0,1,1.0,1.0,0.0,15.37768,108.793321,0.6666666666666666
382,Hoa Phat Hai Duong Steel JSC,300.0,1,1.0,1.0,0.0,21.01536,106.536023,0.6666666666666666
383,Hoa Sen Group,0.0,1,1.0,1.0,0.0,10.595295,107.044846,0.6666666666666666
384,Honghe Iron and Steel Co Ltd,3200.0,1,1.0,1.0,0.0,23.470733,103.272784,0.6666666666666666
385,Hospet Steels Ltd,700.0,1,1.0,1.0,0.0,15.339055,76.251696,0.6666666666666666
386,Houying Group Haicheng Iron and Steel Co Ltd,0.0,1,1.0,1.0,0.0,40.981855,122.948643,0.6666666666666666
387,Huahong Iron and Steel Products Co Ltd,0.0,1,1.0,1.0,0.0,28.090098,119.519509,0.6666666666666666
388,Huainan Hongtai Steel Limited Liability Co,0.0,1,1.0,1.0,0.0,32.619248,116.905869,0.6666666666666666
389,Huangshi Xingang Heavy Industry Technology Co Ltd,0.0,1,1.0,1.0,0.0,30.097108,115.284652,0.6666666666666666
390,Hubei Dazhan Steel & Iron Co Ltd,0.0,1,1.0,1.0,0.0,31.006752,113.754995,0.6666666666666666
391,Hubei Jinshenglan Metallurgical Technology Co Ltd,4800.0,1,1.0,1.0,0.0,29.916729,113.822921,0.6666666666666666
392,Hubei Lijin Steel Group Co Ltd,0.0,1,1.0,1.0,0.0,32.127263,112.715688,0.6666666666666666
393,Hubei Shunle Iron and Steel Co Ltd,0.0,1,1.0,1.0,0.0,29.925026,113.826118,0.6666666666666666
394,Hubei Wucheng Iron and Steel Group Co Ltd,0.0,1,1.0,1.0,0.0,30.341239,114.857744,0.6666666666666666
395,Hubei Xinxin Steel Group Co Ltd; natural person(s),0.0,1,1.0,1.0,0.0,30.067469,114.934091,0.6666666666666666
396,Hunan Valin Lianyuan Iron and Steel Co Ltd,14000.0,1,1.0,1.0,0.0,27.780956,112.43236,0.6666666666666666
397,Hwanyoung Steel Industries Co Ltd,0.0,1,1.0,1.0,0.0,36.956486,126.616956,0.6666666666666666
398,Hybar LLC,0.0,1,1.0,1.0,0.0,35.686814,-89.961981,0.6666666666666666
399,Hybrit Development AB,0.0,1,1.0,1.0,0.0,67.189096,20.720752,0.6666666666666666
400,Hydnum Steel SL,0.0,1,1.0,1.0,0.0,38.688849,-4.107015,0.6666666666666666
401,Hyron Africa,0.0,1,1.0,1.0,0.0,-22.084183,17.4099154,0.6666666666666666
402,Hyundai Steel Co,0.0,2,1.0,1.0,0.0,35.25001025,118.56025525,0.6666666666666666
403,Hüttenwerke Krupp Mannesmann GmbH,7080.0,1,1.0,1.0,0.0,51.371279,6.72331,0.6666666666666666
404,Industrie Riunite Odolesi IRO SpA,0.0,1,1.0,1.0,0.0,45.645688,10.374305,0.6666666666666666
405,Infrabuild Australia Pty Ltd,0.0,1,1.0,1.0,0.0,-35.798694499999996,147.818994,0.6666666666666666
406,Inner Mongolia (Naiman) Jingan Non-ferrous Metal Materials Co Ltd,0.0,1,1.0,1.0,0.0,43.696186,122.219433,0.6666666666666666
407,Inner Mongolia BaoTou Steel Union Co Ltd,5810.0,1,1.0,1.0,0.0,40.647997,109.740898,0.6666666666666666
408,Inner Mongolia Desheng Metal Products Co Ltd,0.0,1,1.0,1.0,0.0,39.867015,106.890377,0.6666666666666666
409,Inner Mongolia Mingtuo Ferrite New Material Co Ltd,0.0,1,1.0,1.0,0.0,40.597557,109.683202,0.6666666666666666
410,Inner Mongolia Wanzhou Special Steel Co Ltd,0.0,1,1.0,1.0,0.0,40.977329,110.022924,0.6666666666666666
411,Inner Mongolia Yaxinlongshun Special Steel Co Ltd,0.0,1,1.0,1.0,0.0,40.689778,110.214707,0.6666666666666666
412,Interpipe Ltd,0.0,1,1.0,1.0,0.0,48.498914,35.096336,0.6666666666666666
413,Iran Alloy Steel Co,0.0,1,1.0,1.0,0.0,31.940106,54.037614,0.6666666666666666
414,Iranian Alborz Steel Co,0.0,1,1.0,1.0,0.0,36.614049,53.234213,0.6666666666666666
415,Iranian Ghadir Iron & Steel Co,0.0,1,1.0,1.0,0.0,32.3912,53.7496,0.6666666666666666
416,Iranian Sirjan Steel Co,2500.0,1,1.0,1.0,0.0,29.928062,56.736539,0.6666666666666666
417,Isatis Sponge Iron Co,0.0,1,1.0,1.0,0.0,31.66328,54.592416,0.6666666666666666
418,Iskenderun Demir ve Celik AŞ,0.0,1,1.0,1.0,0.0,36.735672,36.204581,0.6666666666666666
419,Iton Seine SAS,0.0,1,1.0,1.0,0.0,49.033678,1.561022,0.6666666666666666
420,Ittehad Steels Pvt Ltd,0.0,1,1.0,1.0,0.0,31.643426,73.198542,0.6666666666666666
421,Ivaco Rolling Mills 2004 LP,0.0,1,1.0,1.0,0.0,45.613941,-74.704608,0.6666666666666666
422,Izmir Demir Celik Sanayi AŞ,0.0,1,1.0,1.0,0.0,38.739596,26.929091,0.6666666666666666
423,Içdaş Çelik Enerji Tersane Ve Ulaşim Sanayi AŞ,0.0,1,1.0,1.0,0.0,40.441491,27.137563,0.6666666666666666
424,JFE Bars & Shapes Corp,0.0,1,1.0,1.0,0.0,35.056672999999996,136.36677866666665,0.6666666666666666
425,JFE Steel Corp,720.0,1,1.0,1.0,0.0,35.6587466,137.6000342,0.6666666666666666
426,JSW Bengal Steel Ltd,0.0,1,1.0,1.0,0.0,22.575726,87.310258,0.6666666666666666
427,JSW Green Steel Ltd,0.0,1,1.0,1.0,0.0,18.530853,72.947091,0.6666666666666666
428,JSW Ispat Special Products Ltd,3380.0,1,1.0,1.0,0.0,21.983709,83.238133,0.6666666666666666
429,JSW JFE Electrical Steel Pvt Ltd,0.0,1,1.0,1.0,0.0,15.042769,76.445529,0.6666666666666666
430,JSW Jharkhand Steel Ltd,29600.0,1,1.0,1.0,0.0,23.188108,85.715097,0.6666666666666666
431,JSW Steel Italy Piombino SpA,0.0,1,1.0,1.0,0.0,42.93652,10.537794,0.6666666666666666
432,JSW Steel Ltd,50935.0,1,1.0,1.0,0.0,17.067144216666666,78.33984285,0.6666666666666666
433,JSW Steel USA Ohio Inc,0.0,1,1.0,1.0,0.0,40.314891,-80.605553,0.6666666666666666
434,JSW Utkal Steel Ltd,24775.0,1,1.0,1.0,0.0,20.216667,86.55,0.6666666666666666
435,JSW Vijayanagar Metallics Ltd,5750.0,1,1.0,1.0,0.0,15.203176,76.659122,0.6666666666666666
436,Jai Balaji Industries Ltd,1558.0,1,1.0,1.0,0.0,23.485256999999997,87.36084149999999,0.6666666666666666
437,Jai Balaji Jyoti Steels Ltd,1600.0,1,1.0,1.0,0.0,22.085338,84.86184,0.6666666666666666
438,Jai Balaji Steels Purulia Ltd,13619.0,1,1.0,1.0,0.0,23.331734,86.363224,0.6666666666666666
439,Jayaswal Neco Industries Ltd,6900.0,1,1.0,1.0,0.0,21.354495,81.676444,0.6666666666666666
440,JiLin Province Xinda Steel Co Ltd,0.0,1,1.0,1.0,0.0,42.3249,125.246892,0.6666666666666666
441,Jianglong Acheng Iron & Steel Co Ltd,0.0,1,1.0,1.0,0.0,45.562002,126.968128,0.6666666666666666
442,Jiangsu Changqiang Iron & Steel Co Ltd,0.0,1,1.0,1.0,0.0,31.952064,120.189749,0.6666666666666666
443,Jiangsu Delong Nickel Industry Co Ltd,1000.0,1,1.0,1.0,0.0,34.443469,119.816574,0.6666666666666666
444,Jiangsu HONGTAI Metals Ware Co Ltd,0.0,1,1.0,1.0,0.0,32.138393,119.554693,0.6666666666666666
445,Jiangsu Longyuan Steel Co Ltd,0.0,1,1.0,1.0,0.0,34.538033,117.329589,0.6666666666666666
446,Jiangsu Province Binxin Steel Group Co Ltd,0.0,1,1.0,1.0,0.0,35.09556,119.279989,0.6666666666666666
447,Jiangsu Shagang Group Huaigang SPECIAL Steel Co Ltd,4166.0,1,1.0,1.0,0.0,33.566039,118.988442,0.6666666666666666
448,Jiangsu Shente Steel Corp,5400.0,1,1.0,1.0,0.0,31.471123,119.485941,0.6666666666666666
449,Jiangsu Suxin Special Steel Co Ltd,0.0,1,1.0,1.0,0.0,31.400644,120.475103,0.6666666666666666
450,Jiangsu Xingda Steel Group Co Ltd,0.0,1,1.0,1.0,0.0,34.501981,117.316278,0.6666666666666666
451,Jiangsu Xusteel Group Co Ltd,1200.0,1,1.0,1.0,0.0,34.577016,117.339638,0.6666666666666666
452,Jiangxi Taixin Iron & Steel Co Ltd,0.0,1,1.0,1.0,0.0,28.60445,118.163615,0.6666666666666666
453,Jiangxi Yuanxing Iron and Steel Co Ltd,0.0,1,1.0,1.0,0.0,24.881098,114.802833,0.6666666666666666
454,Jiangyin Huaxi Steel Co Ltd,1850.0,1,1.0,1.0,0.0,31.816482,120.424347,0.6666666666666666
455,Jiangyin Xicheng Steel Co Ltd,0.0,1,1.0,1.0,0.0,31.892299,120.198394,0.6666666666666666
456,Jiangyin Xingcheng SPECIAL Steel Works Co Ltd,0.0,1,1.0,1.0,0.0,31.950191,120.328449,0.6666666666666666
457,Jianlong Beiman SPECIAL Steel Co Ltd,0.0,1,1.0,1.0,0.0,47.191285,123.616512,0.6666666666666666
458,Jianlong Xilin Iron and Steel Co Ltd,1400.0,1,1.0,1.0,0.0,47.495036,129.287919,0.6666666666666666
459,Jilin Jianlong Steel Co Ltd,0.0,1,1.0,1.0,0.0,44.011951,126.537086,0.6666666666666666
460,Jilin Jingang Lron and Steel Co Ltd,0.0,1,1.0,1.0,0.0,43.20023,124.335697,0.6666666666666666
461,Jilin Steel Group Taihua Metal Equipment Manufacture Co Ltd,0.0,1,1.0,1.0,0.0,44.138826,125.914941,0.6666666666666666
462,Jilinheng Precision Casting Technology Co Ltd,0.0,1,1.0,1.0,0.0,43.196537,126.00063,0.6666666666666666
463,Jinan Iron & Steel Group Co Ltd,0.0,1,1.0,1.0,0.0,36.718952,114.111677,0.6666666666666666
464,Jincheng FUSHENG Iron & Steel Co Ltd,0.0,1,1.0,1.0,0.0,35.662985,112.882395,0.6666666666666666
465,Jindal Shadeed Iron & Steel LLC,0.0,1,1.0,1.0,0.0,22.071424999999998,57.1393025,0.6666666666666666
466,Jindal Stainless Ltd,680.0,1,1.0,1.0,0.0,25.041096,80.9125305,0.6666666666666666
467,Jindal Steel & Power Ltd,39710.0,1,1.0,1.0,0.0,20.9652604,84.242291,0.6666666666666666
468,Jindal Steel Odisha Ltd,42670.0,1,1.0,1.0,0.0,20.874713,84.944082,0.6666666666666666
469,Jinding Heavy Industries Co Ltd,6000.0,1,1.0,1.0,0.0,36.718952,114.111677,0.6666666666666666
470,Jingye Iron and Steel Co Ltd,0.0,1,1.0,1.0,0.0,38.391372,114.139998,0.6666666666666666
471,Jingzhou Qunli Metal Products Co Ltd,0.0,1,1.0,1.0,0.0,30.3505,112.353782,0.6666666666666666
472,Jinye Steel Group Co Ltd,0.0,1,1.0,1.0,0.0,36.148131,113.209523,0.6666666666666666
473,Jinzhou Jinxing Special Steel Co Ltd,0.0,1,1.0,1.0,0.0,41.188888,121.225043,0.6666666666666666
474,Jishan Mingfu Steel Products Co Ltd,0.0,1,1.0,1.0,0.0,35.665945,111.025976,0.6666666666666666
475,JiuJiang PXSteel Co Ltd,0.0,1,1.0,1.0,0.0,29.778431,116.27527,0.6666666666666666
476,Jiugang Group Yuzhong Iron & Steel Co Ltd,2628.0,1,1.0,1.0,0.0,36.033646,104.035535,0.6666666666666666
477,KG Steel Co Ltd,0.0,1,1.0,1.0,0.0,37.233173,126.707465,0.6666666666666666
478,KIC Metaliks Ltd,360.0,1,1.0,1.0,0.0,23.507539,87.277914,0.6666666666666666
479,KISCO Corp,0.0,1,1.0,1.0,0.0,35.216552,128.640158,0.6666666666666666
480,KMK Tempo JSC,0.0,1,1.0,1.0,0.0,55.726872,52.535854,0.6666666666666666
481,KSP Steel LLC,0.0,1,1.0,1.0,0.0,52.334465,76.956302,0.6666666666666666
482,KSRM Steel Plant Ltd,0.0,1,1.0,1.0,0.0,22.499834,91.715778,0.6666666666666666
483,KVV Liepājas metalurgs AS,0.0,1,1.0,1.0,0.0,56.525273,21.0267,0.6666666666666666
484,Kaavian Steel Co,0.0,1,1.0,1.0,0.0,31.283549,48.572468,0.6666666666666666
485,Kalyani Steels Ltd,0.0,1,1.0,1.0,0.0,20.601819,85.594653,0.6666666666666666
486,Kam Industries (Nigeria) Ltd,0.0,1,1.0,1.0,0.0,8.454565,4.5430531,0.6666666666666666
487,Kamet-Steel PrJSC,6630.0,1,1.0,1.0,0.0,48.528019,34.640915,0.6666666666666666
488,Kaptan Demir Celik Endustrisi Ve Ticaret AŞ,0.0,1,1.0,1.0,0.0,41.015222,27.959978,0.6666666666666666
489,Kardemir Karabuk Demir Çelik Sanayi Ve Ticaret AŞ,4920.0,1,1.0,1.0,0.0,39.9619795,29.799544500000003,0.6666666666666666
490,Kazakhstal LLP,0.0,1,1.0,1.0,0.0,49.8902647,73.7561639,0.6666666666666666
491,Khorasan Steel Complex Co,2500.0,1,1.0,1.0,0.0,36.3445,58.67875,0.6666666666666666
492,Khouzestan Oxin Steel Co,0.0,1,1.0,1.0,0.0,31.277236,48.747422,0.6666666666666666
493,Khouzestan Steel Co,6200.0,1,1.0,1.0,0.0,30.918035,48.836375000000004,0.6666666666666666
494,Kish South Kaveh Steel Co,0.0,1,1.0,1.0,0.0,27.169696,56.095207,0.6666666666666666
495,Kishiwada Steel Co Ltd,0.0,1,1.0,1.0,0.0,34.477479,135.353918,0.6666666666666666
496,Kobe Steel Ltd,12647.0,1,1.0,1.0,0.0,34.711946,135.036741,0.6666666666666666
497,Koc Metalurji AŞ,0.0,1,1.0,1.0,0.0,37.01488,36.104416,0.6666666666666666
498,Kocaer Çelik Sanayi ve Ticaret AŞ,0.0,1,1.0,1.0,0.0,37.858651,27.845846,0.6666666666666666
499,Krasnyi Oktyabr' Corporation JSC,0.0,1,1.0,1.0,0.0,48.754025,44.561004,0.6666666666666666
500,Kroman Celik Sanayii AS,0.0,1,1.0,1.0,0.0,40.801101,29.374115,0.6666666666666666
501,Kunming Iron & Steel Holding Co Ltd,0.0,1,1.0,1.0,0.0,21.423783,96.454378,0.6666666666666666
502,Kurdistan Steel Co,0.0,1,1.0,1.0,0.0,36.240352,46.278405,0.6666666666666666
503,Kurum International ShA,0.0,1,1.0,1.0,0.0,41.094611,20.026117,0.6666666666666666
504,Kyoei Steel Ltd,0.0,1,1.0,1.0,0.0,34.61929633333333,134.55528633333333,0.6666666666666666
505,LNM Group,0.0,1,1.0,1.0,0.0,-7.355128628104116,112.70372968835899,0.6666666666666666
506,Laiwu Steel Yinshan Section Co Ltd,0.0,1,1.0,1.0,0.0,36.106143,117.820108,0.6666666666666666
507,Lamines Marchands Europeens SA,0.0,1,1.0,1.0,0.0,50.3292,3.490913,0.6666666666666666
508,Laminorul Danube Metallurgical Enterprise SRL,0.0,1,1.0,1.0,0.0,45.512949,22.339896,0.6666666666666666
509,Langfang Guangyuan Metalwork Co Ltd,0.0,1,1.0,1.0,0.0,39.181466,116.838667,0.6666666666666666
510,Lao Cai Cast Iron and Steel,0.0,1,1.0,1.0,0.0,22.306931,104.12992,0.6666666666666666
511,Lebedinskiy GOK JSC,8968.0,1,1.0,1.0,0.0,51.261995,37.654622,0.6666666666666666
512,Lech Stahlwerke GmbH,0.0,1,1.0,1.0,0.0,48.512051,10.855292,0.6666666666666666
513,Lengshuijiang Iron and Steel Co Ltd,0.0,1,1.0,1.0,0.0,27.690401,111.437288,0.6666666666666666
514,Lianfeng Steel (Zhangjiagang) Co Ltd,12000.0,1,1.0,1.0,0.0,31.855205,120.730505,0.6666666666666666
515,Lianyungang Huale Alloy Group Co Ltd,0.0,1,1.0,1.0,0.0,34.607964,119.447626,0.6666666666666666
516,Lianyungang Xingxin Iron and Steel Co Ltd,0.0,1,1.0,1.0,0.0,34.38381,119.786878,0.6666666666666666
517,Lianyungang Yaxin Iron and Steel Co Ltd,0.0,1,1.0,1.0,0.0,34.423786,119.778311,0.6666666666666666
518,Liaoyang United Steel Co Ltd,0.0,1,1.0,1.0,0.0,41.19138,122.877311,0.6666666666666666
519,Liaoyang Xinyi Special Steel Co Ltd,0.0,1,1.0,1.0,0.0,41.225003,122.970488,0.6666666666666666
520,Liberty Galati SA,0.0,1,1.0,1.0,0.0,45.434119,27.976244,0.6666666666666666
521,Liberty Steel Group,2200.0,6,1.0,1.0,0.0,47.301026875,-14.077129999999999,0.6666666666666666
522,Libyan Iron and Steel Co,0.0,1,1.0,1.0,0.0,32.335185,15.215053,0.6666666666666666
523,Licheng Taihang Iron & Steel Co Ltd,0.0,1,1.0,1.0,0.0,36.472303,113.344155,0.6666666666666666
524,Lingyuan Iron & Steel Co Ltd,0.0,1,1.0,1.0,0.0,41.271048,119.41374,0.6666666666666666
525,Linyi Iron and Steel Investment Group Co Ltd,3840.0,1,1.0,1.0,0.0,35.15735,119.133999,0.6666666666666666
526,Linyi Jiangxin Steel Co Ltd,0.0,1,1.0,1.0,0.0,34.951117,118.305389,0.6666666666666666
527,Liuzhou IRON&STEEL Co Ltd,0.0,1,1.0,1.0,0.0,24.385304,109.37963,0.6666666666666666
528,Liyang Baorun Steel Co Ltd,0.0,1,1.0,1.0,0.0,31.471123,119.485941,0.6666666666666666
529,Lloyds Metals and Energy Ltd,1000.0,1,1.0,1.0,0.0,19.850123,79.4664715,0.6666666666666666
530,Long Son Phu My Iron & Steel Co,0.0,1,1.0,1.0,0.0,14.457367,109.0789538,0.6666666666666666
531,Longnan Fuxin Steel Co Ltd,0.0,1,1.0,1.0,0.0,24.912904,114.844503,0.6666666666666666
532,Luannan Huarui Steel Co Ltd,0.0,1,1.0,1.0,0.0,39.51833,118.715766,0.6666666666666666
533,Lucheng Xingbao Iron & Steel Co Ltd,0.0,1,1.0,1.0,0.0,36.332449,113.15509,0.6666666666666666
534,Luoyang Luogang Group of Steel and Iron Co Ltd,0.0,1,1.0,1.0,0.0,34.798477,112.580505,0.6666666666666666
535,Luzhou Xinyang Vanadium Titanium Steel Co Ltd,0.0,1,1.0,1.0,0.0,28.851779,105.70509,0.6666666666666666
536,Lvliang Jianlong Industrial Co Ltd,0.0,1,1.0,1.0,0.0,37.47311,112.06093,0.6666666666666666
537,MK Azovstal' PrAT,0.0,1,1.0,1.0,0.0,47.094724,37.596862,0.6666666666666666
538,MMK Metalurji Sanayi Ticaret ve Liman Isletmeciligi AŞ,0.0,1,1.0,1.0,0.0,36.768975,36.213842,0.6666666666666666
539,MSP Steel & Power Ltd,2450.0,1,1.0,1.0,0.0,21.87673,83.554495,0.6666666666666666
540,MZ Balakovo JSC,0.0,1,1.0,1.0,0.0,51.936009,47.81591,0.6666666666666666
541,Maanshan Iron & Steel Co Ltd,25540.0,1,1.0,1.0,0.0,31.698884,118.468194,0.6666666666666666
542,Maegma Minerals,0.0,1,1.0,1.0,0.0,4.2405829,100.5949428,0.6666666666666666
543,Maghreb Steel SA,0.0,1,1.0,1.0,0.0,33.592793,-7.475613,0.6666666666666666
544,Magnitogorskiy Metallurgicheskiy Kombinat PJSC,16700.0,1,1.0,1.0,0.0,53.427593,59.054122,0.6666666666666666
545,Makran Steel Co,0.0,1,1.0,1.0,0.0,25.4483977,60.6408488,0.6666666666666666
546,Makstil AD,0.0,1,1.0,1.0,0.0,42.016228,21.46605,0.6666666666666666
547,Malaysia Steel Works (KL) Bhd,0.0,1,1.0,1.0,0.0,3.077835,101.46448,0.6666666666666666
548,Marcegaglia Holding SpA,0.0,1,1.0,1.0,0.0,43.445004,4.846805,0.6666666666666666
549,Marcegaglia Stainless Sheffield Ltd,0.0,1,1.0,1.0,0.0,53.399598,-1.395818,0.6666666666666666
550,Mariupolskyi Metalurgiinyi Kombinat Imeni Illicha PRAT,12340.0,1,1.0,1.0,0.0,47.1402768,37.5943416,0.6666666666666666
551,Mass Iraq Iron and Steel Industry Co,0.0,1,1.0,1.0,0.0,35.660125,45.039062,0.6666666666666666
552,Matesi,0.0,1,1.0,1.0,0.0,8.300159,-62.780136,0.6666666666666666
553,Max Aicher GmbH & Co KG,0.0,1,1.0,1.0,0.0,48.886028,21.82705,0.6666666666666666
554,Megasa Siderurgica SL,0.0,1,1.0,1.0,0.0,43.51421,-8.163839,0.6666666666666666
555,Megasider Zaragoza SA,0.0,1,1.0,1.0,0.0,41.56988,-0.856566,0.6666666666666666
556,Megasteel Sdn Bhd,0.0,1,1.0,1.0,0.0,2.8072653,101.6055808,0.6666666666666666
557,Meghna Re-rolling and Steel Mills Ltd,0.0,1,1.0,1.0,0.0,23.585487,90.648875,0.6666666666666666
558,Meranti Steel Pte Ltd,0.0,1,1.0,1.0,0.0,12.694465,101.148937,0.6666666666666666
559,Mesabi Mining LLC,7000.0,1,1.0,1.0,0.0,47.383441,-93.219413,0.6666666666666666
560,Mescier Demir Celik AŞ,0.0,1,1.0,1.0,0.0,41.565932,32.427758,0.6666666666666666
561,Mesco Kalinga Steel Ltd,770.0,1,1.0,1.0,0.0,20.976277,86.044419,0.6666666666666666
562,Metalfer Steel Mill Sremska Mitrovica doo,0.0,1,1.0,1.0,0.0,44.977213,19.64601,0.6666666666666666
563,Metallus Inc,0.0,1,1.0,1.0,0.0,40.766927,-81.418129,0.6666666666666666
564,Metinvest Holding LLC,0.0,2,1.0,1.0,0.0,45.9879545,20.935211,0.6666666666666666
565,Mianeh Steel,0.0,1,1.0,1.0,0.0,37.37881,47.736689,0.6666666666666666
566,Mikhailovsky HBI LLC,0.0,1,1.0,1.0,0.0,52.360448,35.397314,0.6666666666666666
567,Millcon Steel PCL,0.0,1,1.0,1.0,0.0,12.819544,101.152954,0.6666666666666666
568,Mindong Saiqi Economic Development Zone Fuhua Steel Rolling Co Ltd,0.0,1,1.0,1.0,0.0,26.961516,119.654272,0.6666666666666666
569,Mintal Group Co Ltd,0.0,1,1.0,1.0,0.0,41.7915,109.865367,0.6666666666666666
570,Minyuan Iron and Steel Group Co Ltd,0.0,1,1.0,1.0,0.0,34.013369,116.422599,0.6666666666666666
571,Mitsui-Kobe Steel JV,0.0,1,1.0,1.0,0.0,19.529594,57.61573,0.6666666666666666
572,Mobarakeh Steel Co,12800.0,1,1.0,1.0,0.0,30.992492249999998,52.5163515,0.6666666666666666
573,Moldova Steel Works JSC,0.0,1,1.0,1.0,0.0,47.783771,29.02835,0.6666666666666666
574,Mono Steel (India) Ltd,0.0,1,1.0,1.0,0.0,23.312265,70.201953,0.6666666666666666
575,Moon Iron and Steel Company SAOC,0.0,1,1.0,1.0,0.0,24.409437,56.520134,0.6666666666666666
576,Mount Zynai 0304 Mining Corp,0.0,1,1.0,1.0,0.0,7.716994,122.998671,0.6666666666666666
577,Mughal Iron & Steel Industries Ltd,0.0,1,1.0,1.0,0.0,31.653035,74.183149,0.6666666666666666
578,Myanmar Economic Corp,0.0,1,1.0,1.0,0.0,21.07988165,96.20495439999999,0.6666666666666666
579,NLMK Indiana LLC,0.0,1,1.0,1.0,0.0,41.625912,-87.159989,0.6666666666666666
580,NMDC Steel Ltd,8426.0,1,1.0,1.0,0.0,17.13973905,79.5432955,0.6666666666666666
581,NR Ispat and Power Pvt Ltd,0.0,1,1.0,1.0,0.0,22.013086,83.330372,0.6666666666666666
582,Nakayama Steel Products Co Ltd,0.0,1,1.0,1.0,0.0,34.699762,135.430119,0.6666666666666666
583,Nakayama Steel Works Ltd,0.0,1,1.0,1.0,0.0,34.628162,135.459688,0.6666666666666666
584,Nanjing Iron & Steel Co Ltd,0.0,1,1.0,1.0,0.0,32.200797,118.746315,0.6666666666666666
585,Nanyang Hanye SPECIAL STREET Co Ltd,0.0,1,1.0,1.0,0.0,33.269324,111.534635,0.6666666666666666
586,Natanz Steel Co,2000.0,1,1.0,1.0,0.0,33.428593,51.982273,0.6666666666666666
587,National Steel Co,0.0,1,1.0,1.0,0.0,26.244786,49.969064,0.6666666666666666
588,National Steel Complex Ltd,0.0,1,1.0,1.0,0.0,24.789621,67.353238,0.6666666666666666
589,Neelachal Ispat Nigam Ltd,2590.0,1,1.0,1.0,0.0,20.998641,86.019102,0.6666666666666666
590,Nervacero SA,0.0,1,1.0,1.0,0.0,43.30806,-3.026309,0.6666666666666666
591,New Zealand Steel Ltd,0.0,1,1.0,1.0,0.0,-37.206878,174.728098,0.6666666666666666
592,Neyriz Ghadir Steel Co,2500.0,1,1.0,1.0,0.0,29.168087,54.621487,0.6666666666666666
593,Nghi Son VAS Group JSC,0.0,1,1.0,1.0,0.0,19.326924,105.777449,0.6666666666666666
594,Nilachal Iron & Power Ltd,0.0,1,1.0,1.0,0.0,22.874863,86.063646,0.6666666666666666
595,Ningbo Haoyang New MATERIALS Techonology Co Ltd,0.0,1,1.0,1.0,0.0,30.267113,121.052503,0.6666666666666666
596,Ningbo Iron & Steel Co Ltd,5158.0,1,1.0,1.0,0.0,29.918776,121.876423,0.6666666666666666
597,Ningxia Boyu Hongxing Special Steel Group Co Ltd,0.0,1,1.0,1.0,0.0,39.273832,106.75146,0.6666666666666666
598,Ningxia Iron and Steel (Group) Co Ltd,0.0,1,1.0,1.0,0.0,37.503054,105.078348,0.6666666666666666
599,Ningxia Jianlong Special Steel Co Ltd,7300.0,1,1.0,1.0,0.0,39.215452,106.688294,0.6666666666666666
600,Ningxia Xinghua Iron and Steel Co Ltd,0.0,1,1.0,1.0,0.0,39.309571,106.79093,0.6666666666666666
601,Nippon Steel Corp,24078.0,1,1.0,1.0,0.0,35.2976642,135.4098151,0.6666666666666666
602,Nippon Steel Stainless Steel Corp,0.0,1,1.0,1.0,0.0,34.011835000000005,131.856312,0.6666666666666666
603,North American Stainless Inc,0.0,1,1.0,1.0,0.0,38.725418,-85.076015,0.6666666666666666
604,North Star BlueScope Steel Ltd,0.0,1,1.0,1.0,0.0,41.568783,-84.048129,0.6666666666666666
605,Novolipetsk Steel PJSC,2745.0,1,1.0,1.0,0.0,52.557372,39.629574,0.6666666666666666
606,Novorossiysk Rolling Plant LLC,0.0,1,1.0,1.0,0.0,47.740457,40.189445,0.6666666666666666
607,Nu-Iron Unlimited,0.0,1,1.0,1.0,0.0,10.399138,-61.486326,0.6666666666666666
608,Nucor Corp,0.0,1,1.0,1.0,0.0,36.997487030769236,-88.82675283076924,0.6666666666666666
609,Nucor Steel Decatur LLC,0.0,1,1.0,1.0,0.0,34.63963,-87.085738,0.6666666666666666
610,Nucor Steel Kankakee Inc,0.0,1,1.0,1.0,0.0,41.180734,-87.856196,0.6666666666666666
611,Nucor Steel Kingman LLC,0.0,1,1.0,1.0,0.0,35.143192,-114.089568,0.6666666666666666
612,Nucor Steel Louisiana LLC,0.0,1,1.0,1.0,0.0,30.076693,-90.859953,0.6666666666666666
613,Nucor Steel Memphis Inc,0.0,1,1.0,1.0,0.0,35.048395,-90.163033,0.6666666666666666
614,Nucor Steel Seattle Inc,0.0,1,1.0,1.0,0.0,47.569597,-122.367395,0.6666666666666666
615,Nucor Steel Tuscaloosa Inc,0.0,1,1.0,1.0,0.0,33.234761,-87.508498,0.6666666666666666
616,Nucor Yamato Steel Co,0.0,1,1.0,1.0,0.0,35.941421,-89.713819,0.6666666666666666
617,ORI Martin - Acciaieria e Ferriera di Brescia SpA,0.0,1,1.0,1.0,0.0,45.566054,10.2147,0.6666666666666666
618,Optimus Steel LLC,0.0,1,1.0,1.0,0.0,30.08201,-94.074694,0.6666666666666666
619,Orissa Metaliks Pvt Ltd,15900.0,1,1.0,1.0,0.0,22.199786666666665,86.18568800000001,0.6666666666666666
620,Orissa Metallurgical Industry Pvt Ltd,0.0,1,1.0,1.0,0.0,21.869228,84.013348,0.6666666666666666
621,Orissa Sponge Iron and Steel Ltd,0.0,1,1.0,1.0,0.0,21.801994,85.56751,0.6666666666666666
622,Orissa Steel & Power Pvt Ltd,6400.0,1,1.0,1.0,0.0,22.3591,87.017184,0.6666666666666666
623,Osaka Steel Co Ltd,0.0,1,1.0,1.0,0.0,34.59822,135.45439,0.6666666666666666
624,Oskol'skiy Elektrometallurgicheskiy Kombinat Imeni Alekseya Alekseyevicha Ugarova JSC,4500.0,1,1.0,1.0,0.0,51.142738,37.940532,0.6666666666666666
625,Outokumpu Stainless AB,0.0,2,1.0,1.0,1.0,62.957968,20.17464,1.0
626,Outokumpu Stainless USA LLC,0.0,1,1.0,1.0,0.0,31.148179,-87.98866,0.6666666666666666
627,Ovako AB,0.0,2,1.0,1.0,0.0,60.849074,22.550794500000002,0.6666666666666666
628,Ozkan Demir Celik Sanayi AŞ,0.0,1,1.0,1.0,0.0,38.737005,26.950824,0.6666666666666666
629,Ozmert Algeria SARL,0.0,1,1.0,1.0,0.0,35.47858,-0.62139,0.6666666666666666
630,POSCO Holdings Inc,13230.0,1,1.0,1.0,1.0,35.464698,128.57157899999999,1.0
631,POSCO Holdings Inc; JSW Steel Ltd,0.0,1,1.0,1.0,0.0,20.248632,86.156416,0.6666666666666666
632,PT Gunung Raja Paksi Tbk,0.0,1,1.0,1.0,0.0,-2.0263483333333334,107.244709,0.6666666666666666
633,PT Jakarta Prima Steel Industries,0.0,1,1.0,1.0,0.0,-6.181643,106.932331,0.6666666666666666
634,PT Krakatau Posco,1320.0,1,1.0,1.0,0.0,-5.998661,105.99866,0.6666666666666666
635,PT Krakatau Steel (Persero) Tbk,0.0,1,1.0,1.0,0.0,-6.007021,106.001766,0.6666666666666666
636,PT Mandan Steel,0.0,1,1.0,1.0,0.0,-3.339296,115.927125,0.6666666666666666
637,PT The Master Steel MFG,0.0,1,1.0,1.0,0.0,-6.18421,106.920067,0.6666666666666666
638,Pakistan Steel Mills Corp Pvt Ltd,960.0,1,1.0,1.0,0.0,24.809977,67.35244,0.6666666666666666
639,Pan Gang Group Sichuan Changcheng Special Steel Co Ltd,0.0,1,1.0,1.0,0.0,31.763517,104.761441,0.6666666666666666
640,Pangang Group Xichang Steel and Vanadium Co Ltd,0.0,1,1.0,1.0,0.0,27.74799,102.20517,0.6666666666666666
641,Panhua Group Co Ltd,4080.0,1,1.0,1.0,0.0,7.196608,124.917231,0.6666666666666666
642,Panzhihua Steel Group Panzhihua Steel Vanadium Co Ltd,16450.0,1,1.0,1.0,0.0,26.565265,101.673737,0.6666666666666666
643,Pasargad Steel Complex Co,3400.0,1,1.0,1.0,0.0,29.191019,52.845405,0.6666666666666666
644,Pavgord doo,1875.0,1,1.0,1.0,0.0,44.224446,17.899815,0.6666666666666666
645,Peiner Traeger GmbH,0.0,1,1.0,1.0,0.0,52.313935,10.258482,0.6666666666666666
646,Perfect Channel Sdn Bhd,0.0,1,1.0,1.0,0.0,5.778871,100.49907,0.6666666666666666
647,Persian Gulf Saba Steel,0.0,1,1.0,1.0,0.0,27.189076,56.105633,0.6666666666666666
648,Perwaja Steel Sdn Bhd,0.0,1,1.0,1.0,0.0,4.264364,103.461728,0.6666666666666666
649,Pomina Steel JSC,0.0,1,1.0,1.0,0.0,10.589305,107.0429075,0.6666666666666666
650,Port Hedland Iron Pty Ltd,700.0,1,1.0,1.0,0.0,-20.395832,118.537975,0.6666666666666666
651,Posco (Zhangjiagang) Stainless Steel Co Ltd,0.0,1,1.0,1.0,0.0,31.980237,120.571455,0.6666666666666666
652,Posco Vietnam Co Ltd,0.0,1,1.0,1.0,0.0,10.560316,107.02684,0.6666666666666666
653,Prakash Industries Ltd,1650.0,1,1.0,1.0,0.0,22.004694,82.671666,0.6666666666666666
654,Prakash Sponge Iron and Power Pvt Ltd,0.0,1,1.0,1.0,0.0,14.152912,76.665824,0.6666666666666666
655,Premium Steel and Mines Ltd,0.0,1,1.0,1.0,0.0,5.480763,5.769839,0.6666666666666666
656,Promsort LLC,3400.0,1,1.0,1.0,0.0,55.41335566666667,44.77105233333333,0.6666666666666666
657,Qatar Steel Company QPSC,0.0,1,1.0,1.0,0.0,24.952688,51.584777,0.6666666666666666
658,QazSpetsSteel LLC,0.0,1,1.0,1.0,0.0,50.286408,57.168382,0.6666666666666666
659,Qazaqstan Steel Group LLP,7446.0,1,1.0,1.0,0.0,50.031766,72.994863,0.6666666666666666
660,Qeshm Steel Development Co,5000.0,1,1.0,1.0,0.0,26.826494,55.957708,0.6666666666666666
661,Qian'an City Jiujiang Wire Co Ltd,20800.0,1,1.0,1.0,0.0,39.952209,118.559444,0.6666666666666666
662,Qian'an Zhayi Steel Group Co Ltd,0.0,1,1.0,1.0,0.0,40.044026,118.552001,0.6666666666666666
663,Qianxinan Prefecture Juxin Industry & Trade General Co,0.0,1,1.0,1.0,0.0,25.150857,105.041722,0.6666666666666666
664,Qingdao Special Iron and Steel Co Ltd,0.0,1,1.0,1.0,0.0,35.6296,119.722335,0.6666666666666666
665,Qinhuangdao Baigong Steel Co Ltd,4200.0,1,1.0,1.0,0.0,39.748773,118.819472,0.6666666666666666
666,Qinhuangdao Hongxing Iron & Steel Co Ltd,9850.0,1,1.0,1.0,0.0,39.700721,118.871477,0.6666666666666666
667,Quzhou Yuanli METAL Products Co Ltd,0.0,1,1.0,1.0,0.0,28.893407,118.867125,0.6666666666666666
668,Rajhi Steel Industries Co Ltd,0.0,1,1.0,1.0,0.0,21.290402,39.183444,0.6666666666666666
669,Ramsarup Industries Ltd,0.0,1,1.0,1.0,0.0,22.977477,88.457443,0.6666666666666666
670,Rashmi Green Hydrogen Steel Pvt Ltd,6200.0,1,1.0,1.0,0.0,22.331489,87.398085,0.6666666666666666
671,Rashmi Metaliks Ltd,2700.0,1,1.0,1.0,0.0,23.033503500000002,87.186836,0.6666666666666666
672,Rashtriya Ispat Nigam Ltd,14301.0,1,1.0,1.0,0.0,17.612846,83.191918,0.6666666666666666
673,Republic Steel Corp,0.0,1,1.0,1.0,0.0,41.127235999999996,-81.7325635,0.6666666666666666
674,Rio Tinto Iron and Titanium Canada Inc,0.0,1,1.0,1.0,0.0,46.044367,-73.138474,0.6666666666666666
675,Riva Acciaio SpA,0.0,1,1.0,1.0,0.0,44.993105,8.4902225,0.6666666666666666
676,Riva Industries,0.0,1,1.0,1.0,0.0,33.165438,-8.5883,0.6666666666666666
677,Rizhao Steel Holding Group Co Ltd,0.0,1,1.0,1.0,0.0,35.16535,119.366672,0.6666666666666666
678,Rizhao Steel Yingkou Medium Plate Co Ltd,0.0,1,1.0,1.0,0.0,40.671136,122.395441,0.6666666666666666
679,Rockcheck Steel Group Co Ltd,0.0,1,1.0,1.0,0.0,38.970638,117.495794,0.6666666666666666
680,Rungta Mines Ltd,34955.0,1,1.0,1.0,0.0,21.9107876,85.4521354,0.6666666666666666
681,S.C. Silcotub SA,0.0,1,1.0,1.0,0.0,44.217275,27.29968,0.6666666666666666
682,SGIS Songshan Co Ltd,0.0,1,1.0,1.0,0.0,24.708232,113.635898,0.6666666666666666
683,SIJ Acroni doo,0.0,1,1.0,1.0,1.0,46.423994,14.094645,1.0
684,SMS Group GmbH,0.0,1,1.0,1.0,0.0,26.787872,30.572474,0.6666666666666666
685,SN MAIA Siderurgia Nacional SA,0.0,1,1.0,1.0,0.0,41.255085,-8.555285,0.6666666666666666
686,SN SEIXAL Siderurgia Nacional SA,0.0,1,1.0,1.0,0.0,38.616023,-9.068527,0.6666666666666666
687,SSAB AB,0.0,2,1.0,1.0,0.0,62.96053966666667,21.255343,0.6666666666666666
688,SSAB Americas Holding AB,0.0,1,1.0,1.0,0.0,36.211895999999996,-89.416679,0.6666666666666666
689,SUE DPR UMP,0.0,1,1.0,1.0,0.0,47.982276,37.810634,0.6666666666666666
690,Saarstahl AG,0.0,2,1.0,1.0,0.0,49.822903,5.2051870000000005,0.6666666666666666
691,Sabzevar Pars Steel Complex,0.0,1,1.0,1.0,0.0,36.58952,57.571719,0.6666666666666666
692,Salzgitter Flachstahl GmbH,0.0,1,1.0,1.0,0.0,52.161794,10.409371,0.6666666666666666
693,Sam Montereau SAS,0.0,1,1.0,1.0,0.0,48.387211,2.981091,0.6666666666666666
694,Sansteel Minguang Co Ltd Fujian,13833.0,1,1.0,1.0,0.0,26.261109,117.614709,0.6666666666666666
695,Sanyo Special Steel Co Ltd,0.0,1,1.0,1.0,0.0,34.788074,134.672046,0.6666666666666666
696,Sarmad Iron and Steel Complex Abarkouh,0.0,1,1.0,1.0,0.0,31.222989,53.392728,0.6666666666666666
697,Saudi Arabian Oil Co,0.0,1,1.0,1.0,0.0,27.502597,49.180369,0.6666666666666666
698,Saudi Iron and Steel Co,0.0,1,1.0,1.0,0.0,27.018411,49.576356,0.6666666666666666
699,Scaw Metals Group Pty Ltd,0.0,1,1.0,1.0,0.0,-26.273316,28.163761,0.6666666666666666
700,SeAH Besteel Holdings Corp,0.0,1,1.0,1.0,0.0,35.968596,126.609524,0.6666666666666666
701,SeAH Changwon Integrated Special Steel Corp,0.0,1,1.0,1.0,0.0,35.204191,128.604277,0.6666666666666666
702,SeAh Steel Holdings Corp,0.0,1,1.0,1.0,0.0,35.991176,129.375791,0.6666666666666666
703,Sentuo Steel Ltd,0.0,1,1.0,1.0,0.0,5.670032010618004,0.015856182946660486,0.6666666666666666
704,Sev.en Global Investments AS,0.0,2,1.0,1.0,0.0,58.895638000000005,5.5152505000000005,0.6666666666666666
705,Severskiy Trubnyi Zavod JSC,0.0,1,1.0,1.0,0.0,56.478428,60.249411,0.6666666666666666
706,Severstal PJSC,18702.0,1,1.0,1.0,0.0,59.143998,37.86295,0.6666666666666666
707,Shaanxi Hanzhong Iron & Steel Group Co,600.0,1,1.0,1.0,0.0,33.132446,106.657646,0.6666666666666666
708,Shaanxi Huaxin Special Steel Group Co Ltd,0.0,1,1.0,1.0,0.0,34.523278,109.986042,0.6666666666666666
709,Shaanxi Iron and Steel Group Co Ltd,0.0,1,1.0,1.0,0.0,-4.138431,104.994091,0.6666666666666666
710,Shaanxi LONG MEN IRON&STEEL Co Ltd,0.0,1,1.0,1.0,0.0,35.618466,110.575788,0.6666666666666666
711,Shaanxi Lueyang Iron and Steel Co Ltd,0.0,1,1.0,1.0,0.0,33.323678,106.167206,0.6666666666666666
712,Shagang Group Anyang Yongxing Iron & Steel Co Ltd,0.0,1,1.0,1.0,0.0,36.143573,114.149964,0.6666666666666666
713,Shakambhari Ispat & Power Ltd,396.0,1,1.0,1.0,0.0,23.613861,86.789527,0.6666666666666666
714,ShanXi TongCai Industry and Trade Co Ltd,0.0,1,1.0,1.0,0.0,35.694321,111.429381,0.6666666666666666
715,Shandong Chuanyang Group Co Ltd,0.0,1,1.0,1.0,0.0,36.894784,117.888366,0.6666666666666666
716,Shandong Guangfu Group Co Ltd,1900.0,1,1.0,1.0,0.0,36.863145,117.616918,0.6666666666666666
717,Shandong IRON&STEEL Group Rizhao Co Ltd,0.0,1,1.0,1.0,0.0,35.188969,119.383723,0.6666666666666666
718,Shandong Iron & Steel Group Yongfeng Lingang Corp,0.0,1,1.0,1.0,0.0,35.137061,119.068319,0.6666666666666666
719,Shandong Iron Steel Group Yongfeng Zibo Co Ltd,0.0,1,1.0,1.0,0.0,36.906036,118.111833,0.6666666666666666
720,Shandong Iron and Steel Co Ltd,0.0,1,1.0,1.0,0.0,36.0881105,117.839203,0.6666666666666666
721,Shandong Laigang Yongfeng Steel Corp,0.0,1,1.0,1.0,0.0,36.7993,116.8026,0.6666666666666666
722,Shandong Longsheng Iron and Steel Co Ltd,0.0,1,1.0,1.0,0.0,36.891189,118.187041,0.6666666666666666
723,Shandong Luli Steel Co Ltd,0.0,1,1.0,1.0,0.0,36.970875,118.955444,0.6666666666666666
724,Shandong Minyuan Steel & Iron Co Ltd,0.0,1,1.0,1.0,0.0,36.728409,117.426582,0.6666666666666666
725,Shandong Shouguang Juneng SPECIAL Steel Co Ltd,0.0,1,1.0,1.0,0.0,36.939125,118.785598,0.6666666666666666
726,Shandong Taishan Steel Group Co Ltd,0.0,1,1.0,1.0,0.0,36.22141,117.627728,0.6666666666666666
727,Shandong Xinhua Special Steel Group Co Ltd,0.0,1,1.0,1.0,0.0,36.256175,116.179833,0.6666666666666666
728,Shangang Group Hanzhong Iron & Steel Co Ltd,0.0,1,1.0,1.0,0.0,33.133192,106.671859,0.6666666666666666
729,Shanghai Meishan Iron & Steel Co Ltd,0.0,1,1.0,1.0,0.0,31.902969,118.61667,0.6666666666666666
730,Shanxi Changxin Industry Co Ltd,0.0,1,1.0,1.0,0.0,36.326589,113.117181,0.6666666666666666
731,Shanxi Dongfang Hengliu Precision Casting Co,0.0,1,1.0,1.0,0.0,36.080051,111.647754,0.6666666666666666
732,Shanxi Gaoyi Steel Co Ltd,0.0,1,1.0,1.0,0.0,35.586841,111.258436,0.6666666666666666
733,Shanxi HONGDA Iron and Steel Group Co Ltd,1300.0,1,1.0,1.0,0.0,35.701895,110.786826,0.6666666666666666
734,Shanxi HUAQIANG Iron and Steel Co Ltd,0.0,1,1.0,1.0,0.0,35.670848,111.378887,0.6666666666666666
735,Shanxi Jianlong Industrial Co Ltd,0.0,1,1.0,1.0,0.0,35.417405,111.303919,0.6666666666666666
736,Shanxi Jinnan Iron and Steel Group Co Ltd,0.0,1,1.0,1.0,0.0,35.678541,111.51465,0.6666666666666666
737,Shanxi Liheng Iron and Steel Co Ltd,3700.0,1,1.0,1.0,0.0,35.701541,111.42671,0.6666666666666666
738,Shanxi Meijin Iron and Steel Co Ltd,1200.0,1,1.0,1.0,0.0,38.155327,112.4594385,0.6666666666666666
739,Shanxi Taigang Stainless Steel Co Ltd,0.0,1,1.0,1.0,0.0,37.931488,112.539321,0.6666666666666666
740,Shanxi Tongde Xinghua Special Steel Co Ltd,0.0,1,1.0,1.0,0.0,40.183517,113.305462,0.6666666666666666
741,Shanxi Xintai Iron & Steel Co Ltd,0.0,1,1.0,1.0,0.0,37.075017,111.985148,0.6666666666666666
742,Shanxi Zhongsheng Iron and Steel Co Ltd,0.0,1,1.0,1.0,0.0,35.727776,111.330122,0.6666666666666666
743,Shanxi Zhongyang Iron & Steel Co Ltd,1000.0,1,1.0,1.0,0.0,37.370796,111.161118,0.6666666666666666
744,Shengli Vietnam Special Steel Co Ltd,0.0,1,1.0,1.0,0.0,20.652657,106.440208,0.6666666666666666
745,Shiheng SPECIAL Steel Group Co Ltd,1000.0,1,1.0,1.0,0.0,36.229201,116.533981,0.6666666666666666
746,Shijiazhuang Iron and Steel Co Ltd,0.0,1,1.0,1.0,0.0,38.067871499999995,114.2967005,0.6666666666666666
747,Shiu Wing Steel Ltd,0.0,1,1.0,1.0,0.0,22.369498,113.926095,0.6666666666666666
748,Shiyan Fuyan Iron and Steel Co Ltd,0.0,1,1.0,1.0,0.0,32.650367,110.654794,0.6666666666666666
749,Shougang Changzhi IRON& Steel Co Ltd,0.0,1,1.0,1.0,0.0,36.356404,113.060809,0.6666666666666666
750,Shougang Guiyang SPECIAL Steel Co Ltd,0.0,1,1.0,1.0,0.0,26.873592,106.73215,0.6666666666666666
751,Shougang Jingtang United Iron & Steel Co Ltd,0.0,1,1.0,1.0,0.0,38.953664,118.50339,0.6666666666666666
752,Shougang Shuicheng Iron & Steel (Group) Co Ltd,0.0,1,1.0,1.0,0.0,26.595229,104.877413,0.6666666666666666
753,Shri Bajrang Power and Ispat Ltd,2900.0,1,1.0,1.0,0.0,21.48619,81.771697,0.6666666666666666
754,Shyam Metalics and Energy Ltd,7110.0,1,1.0,1.0,0.0,22.6870465,85.5822505,0.6666666666666666
755,Shyam Steel Industries Ltd,2792.0,1,1.0,1.0,0.0,23.590212,86.724603,0.6666666666666666
756,Shyam Steel Manufacturing Ltd,0.0,1,1.0,1.0,0.0,23.564157,87.089552,0.6666666666666666
757,Shyeh Sheng Fuat Steel & Iron Works Co Ltd,0.0,1,1.0,1.0,0.0,22.559391,120.3656132,0.6666666666666666
758,Siam Yamato Steel Co Ltd,0.0,1,1.0,1.0,0.0,12.69077,101.12935250000001,0.6666666666666666
759,Sichuan Dazhou Iron & Steel Group Co Ltd,6400.0,1,1.0,1.0,0.0,31.18945,107.453099,0.6666666666666666
760,"Sichuan De Sheng Group, Vanadium and Titanium Co Ltd",2800.0,1,1.0,1.0,0.0,29.39798,103.542532,0.6666666666666666
761,Sichuan Gangchen Stainless Steel Co Ltd,0.0,1,1.0,1.0,0.0,29.501044,103.607365,0.6666666666666666
762,Sichuan Shehong Chuanzhong Construction Materials Co Ltd,0.0,1,1.0,1.0,0.0,30.830726,105.367695,0.6666666666666666
763,Sichuan Shengquan Iron and Steel Group Co Ltd,0.0,1,1.0,1.0,0.0,31.255961,104.190612,0.6666666666666666
764,Sichuan Ya'an Anshan Iron and Steel Co Ltd,0.0,1,1.0,1.0,0.0,30.059133,102.625907,0.6666666666666666
765,Sidenor Aceros Especiales SLU,0.0,1,1.0,1.0,0.0,43.227282,-2.884676,0.6666666666666666
766,Sidenor Steel Industry SA,0.0,1,1.0,1.0,0.0,40.704458,22.816542,0.6666666666666666
767,Siderca SAIC,0.0,1,1.0,1.0,0.0,-34.152554,-58.977388,0.6666666666666666
768,Siderpotenza SpA,0.0,1,1.0,1.0,0.0,40.639356,15.827842,0.6666666666666666
769,Siderurgica Norte Brasil SA,83.0,1,1.0,1.0,0.0,-5.414287,-49.081305,0.6666666666666666
770,Siderurgica Sevillana SA,0.0,1,1.0,1.0,0.0,37.362968,-5.886865,0.6666666666666666
771,Siderurgica del Orinoco Alfredo Maneiro CA,1825.0,1,1.0,1.0,0.0,8.259073,-62.841126,0.6666666666666666
772,Sin Yuan Steel LLP,0.0,1,1.0,1.0,0.0,42.272259,69.7261,0.6666666666666666
773,Sinosteel Corp Ltd,0.0,1,1.0,1.0,0.0,0.461697,37.991283,0.6666666666666666
774,Sipar Aceros SA,0.0,1,1.0,1.0,0.0,-32.9912336,-60.7588733,0.6666666666666666
775,Sirjan Jahan Steel Co,0.0,1,1.0,1.0,0.0,29.13806,55.375073,0.6666666666666666
776,Societe des Aciers d'Armature pour le Beton SAS,0.0,1,1.0,1.0,0.0,48.611482,6.111864,0.6666666666666666
777,Sohar Steel LLC,0.0,1,1.0,1.0,0.0,24.499869,56.599111,0.6666666666666666
778,Solb Steel Co,0.0,1,1.0,1.0,0.0,17.298475,42.352338,0.6666666666666666
779,Sonangol EP; Tosyali Iron and Steel Angola SA,4100.0,1,1.0,1.0,0.0,-15.263743,16.065494,0.6666666666666666
780,Southern Steel Bhd,0.0,1,1.0,1.0,0.0,5.399453,100.382177,0.6666666666666666
781,Sovel SA,0.0,1,1.0,1.0,0.0,39.169632,22.840216,0.6666666666666666
782,Stahl Gerlafingen AG,0.0,1,1.0,1.0,0.0,47.171958,7.562287,0.6666666666666666
783,Stahlwerk Thueringen GmbH,0.0,1,1.0,1.0,0.0,50.654574,11.43745,0.6666666666666666
784,Star Infrastructure Development Corp,0.0,1,1.0,1.0,0.0,22.774191,91.574601,0.6666666666666666
785,State Company for Iron and Steel (Iraq),0.0,1,1.0,1.0,0.0,30.2471634,47.832418,0.6666666666666666
786,StavStal' LLC,0.0,1,1.0,1.0,0.0,44.688323,41.927331,0.6666666666666666
787,Steel Authority of India Ltd,43591.0,1,1.0,1.0,0.0,22.589948714285715,85.77519842857143,0.6666666666666666
788,Steel Dynamics Inc,0.0,1,1.0,1.0,0.0,36.856681333333334,-87.13497016666668,0.6666666666666666
789,SteelAsia Manufacturing Corp,0.0,1,1.0,1.0,0.0,13.440132084864857,121.69967137300748,0.6666666666666666
790,Stegra AB,0.0,2,1.0,1.0,0.0,53.134544500000004,9.00497,0.6666666666666666
791,Sterling Steel Co LLC,0.0,1,1.0,1.0,0.0,41.785971,-89.710947,0.6666666666666666
792,Stomana Industry AD,0.0,1,1.0,1.0,0.0,42.595629,23.093095,0.6666666666666666
793,Stoylenskiy Gorno-Obogatitel'nyi Kombinat JSC,0.0,1,1.0,1.0,0.0,51.243964,37.783498,0.6666666666666666
794,Suez Steel Company SAE,0.0,1,1.0,1.0,0.0,29.923176,32.466587,0.6666666666666666
795,Sulb Company BSCC,12000.0,1,1.0,1.0,0.0,26.198152,50.679893,0.6666666666666666
796,Sun Metal Casting LLC,0.0,1,1.0,1.0,0.0,22.632992,59.416971,0.6666666666666666
797,Sunflag Iron and Steel Co Ltd,364.0,1,1.0,1.0,0.0,21.232929,79.632398,0.6666666666666666
798,Surjagad Ispat Pvt Ltd,1200.0,1,1.0,1.0,0.0,19.487201,79.968551,0.6666666666666666
799,Swadesh Metallics Pvt Ltd,1000.0,1,1.0,1.0,0.0,21.625706,81.705254,0.6666666666666666
800,Swiss Steel Holding AG,0.0,1,1.0,1.0,0.0,47.308055,7.873594,0.6666666666666666
801,Sıddık Kardeşler Haddecilik Sanayi Ticaret LŞ,0.0,1,1.0,1.0,0.0,40.800833,29.512008,0.6666666666666666
802,TANG Shan Iron and Steel Group Co Ltd,0.0,1,1.0,1.0,0.0,39.648587,118.212487,0.6666666666666666
803,TRINECKÉ ZELEZÁRNY AS,700.0,1,1.0,1.0,0.0,49.689053,18.654557,0.6666666666666666
804,TT Iron Steel Company Ltd,0.0,1,1.0,1.0,0.0,10.403605,-61.482939,0.6666666666666666
805,TY Steel Co Ltd,0.0,1,1.0,1.0,0.0,12.857307,101.21314,0.6666666666666666
806,Taganrogskiy Metallurgicheskiy Zavod JSC,0.0,1,1.0,1.0,0.0,47.241557,38.928584,0.6666666666666666
807,Talleres y Aceros SA de CV,0.0,1,1.0,1.0,0.0,18.869272,-97.047263,0.6666666666666666
808,Tangshan Chunxing Special Steel Co Ltd,0.0,1,1.0,1.0,0.0,39.676326,118.427914,0.6666666666666666
809,Tangshan DELONG Steel Co Ltd,0.0,1,1.0,1.0,0.0,39.19256,118.899533,0.6666666666666666
810,Tangshan Donghai Iron and Steel Group Co Ltd,0.0,1,1.0,1.0,0.0,39.748373,118.624794,0.6666666666666666
811,Tangshan Donghua Iron & Steel Enterprise Group Co Ltd,0.0,1,1.0,1.0,0.0,39.468366,118.256774,0.6666666666666666
812,Tangshan Fengnan District Jing'an Iron and Steel Co Ltd,0.0,1,1.0,1.0,0.0,39.600956,118.358726,0.6666666666666666
813,Tangshan GUOYI SPECIAL Steel Co Ltd,0.0,1,1.0,1.0,0.0,39.659153,118.411488,0.6666666666666666
814,Tangshan Ganglu Iron & Steel Co Ltd,6451.0,1,1.0,1.0,0.0,40.183913,118.073913,0.6666666666666666
815,Tangshan Guotang Steel Co Ltd,7710.0,1,1.0,1.0,0.0,39.293147,119.046972,0.6666666666666666
816,Tangshan Heavy Plate Co Ltd,0.0,1,1.0,1.0,0.0,39.268452,119.024819,0.6666666666666666
817,Tangshan Jianlong Steel SPECIAL Steel Co Ltd,0.0,1,1.0,1.0,0.0,40.167686,117.964004,0.6666666666666666
818,Tangshan Jinma Iron & Steel Group Co Ltd,0.0,1,1.0,1.0,0.0,39.700499,118.456775,0.6666666666666666
819,Tangshan RUIFENG Steel and Iron (GROUP) Co Ltd,9300.0,1,1.0,1.0,0.0,39.497472,118.272056,0.6666666666666666
820,Tangshan Songting IRON&STEEL Co Ltd,0.0,1,1.0,1.0,0.0,39.938866,118.576678,0.6666666666666666
821,Tangshan Stainless Steel Co Ltd,0.0,1,1.0,1.0,0.0,39.445598000000004,118.448707,0.6666666666666666
822,Tangshan Wenfeng Special Steel Co Ltd,0.0,1,1.0,1.0,0.0,39.146541,118.432261,0.6666666666666666
823,Tangshan Xinbaotai Iron & Steel Co Ltd,0.0,1,1.0,1.0,0.0,39.861425,118.03667,0.6666666666666666
824,Tangshan Xinglong Steel Co Ltd,0.0,1,1.0,1.0,0.0,39.847612,118.348448,0.6666666666666666
825,Tangshan Yutian Jinzhou Industry Co Ltd,0.0,1,1.0,1.0,0.0,39.967373,117.857659,0.6666666666666666
826,Tangshan Zhengfeng Steel Co Ltd,0.0,1,1.0,1.0,0.0,39.85271,118.181279,0.6666666666666666
827,Tanshan Iron and Steel,0.0,1,1.0,1.0,0.0,40.67524,129.201745,0.6666666666666666
828,Tata Metaliks Ltd,233.0,1,1.0,1.0,0.0,22.385611,87.287179,0.6666666666666666
829,Tata Steel (Thailand) PCL,0.0,1,1.0,1.0,0.0,12.864989999999999,101.118098,0.6666666666666666
830,Tata Steel BSL Ltd,10687.0,1,1.0,1.0,1.0,20.796053,85.260382,1.0
831,Tata Steel Ijmuiden BV,11400.0,1,1.0,1.0,0.0,52.484118,4.615584,0.6666666666666666
832,Tata Steel Long Products Ltd,2700.0,1,1.0,1.0,0.0,22.812895,86.084022,0.6666666666666666
833,Tata Steel Ltd,20400.0,2,1.0,1.0,0.5,19.0031595,87.975658,0.8333333333333334
834,Tata Steel UK Ltd,0.0,1,1.0,1.0,0.0,51.577368,-3.783013,0.6666666666666666
835,Tekhnologicheskiye Investitsii LLC,0.0,1,1.0,1.0,0.0,47.982276,37.810634,0.6666666666666666
836,Tembo Steels Uganda Ltd,0.0,1,1.0,1.0,0.0,0.611975,33.457629,0.6666666666666666
837,Ternium Argentina SA,2520.0,1,1.0,1.0,0.0,-33.37365,-60.138697,0.6666666666666666
838,Ternium Brasil Ltda,7500.0,1,1.0,1.0,0.0,-22.912549,-43.741614,0.6666666666666666
839,Ternium México SA de CV,0.0,1,1.0,1.0,0.0,24.09394525,-99.7053975,0.6666666666666666
840,Thai Nguyen Iron And Steel JSC,250.0,1,1.0,1.0,0.0,21.557484,105.8728,0.6666666666666666
841,Thy-Marcinelle SA,0.0,1,1.0,1.0,0.0,50.410335,4.429693,0.6666666666666666
842,Thyssenkrupp Steel Europe AG,2500.0,1,1.0,1.0,0.0,51.491649,6.733051,0.6666666666666666
843,Tianjin Iron PLANT Co Ltd,10110.0,1,1.0,1.0,0.0,36.58967,113.745792,0.6666666666666666
844,Tianjin Iron and Steel Group Co Ltd,8860.0,1,1.0,1.0,0.0,39.031083,117.499246,0.6666666666666666
845,Tianjin Metallurgy Group Zhasan Steel Co Ltd,0.0,1,1.0,1.0,0.0,38.825269,117.08849,0.6666666666666666
846,Tianjin Pipe Corp,1032.0,1,1.0,1.0,0.0,39.034002,117.486798,0.6666666666666666
847,Tianjin Rongcheng Group Tangshan Special Steel Co Ltd,0.0,1,1.0,1.0,0.0,39.551552,118.137993,0.6666666666666666
848,Tianjin Rongcheng Group Tangshan Special Steel Co Ltd; Tangshan Zhengfeng Steel Co Ltd,0.0,1,1.0,1.0,0.0,39.85271,118.181279,0.6666666666666666
849,Tianjin Tianfeng Steel Co Ltd,0.0,1,1.0,1.0,0.0,38.832642,117.102765,0.6666666666666666
850,Tianjin Tiangang UNITED SPECIAL Steel Co Ltd,5796.0,1,1.0,1.0,0.0,39.300258,117.800231,0.6666666666666666
851,Tianjin Tianzhong Giant Heavy Industry Co Ltd,0.0,1,1.0,1.0,0.0,39.501442,118.719554,0.6666666666666666
852,Tokyo Steel Manufacturing Co Ltd,0.0,1,1.0,1.0,0.0,34.909732500000004,135.435924,0.6666666666666666
853,Tonghua Iron & Steel Co Ltd,11427.0,1,1.0,1.0,0.0,41.779125,126.022349,0.6666666666666666
854,Tongling City Xuanli Special Steel Co Ltd,1757.0,1,1.0,1.0,0.0,31.062807,117.956015,0.6666666666666666
855,Tongling Fuxin Iron & Steel Co Ltd,0.0,1,1.0,1.0,0.0,30.907561,117.772866,0.6666666666666666
856,Tongshan Liguo Iron and Steel Co Ltd,0.0,1,1.0,1.0,0.0,34.55486,117.327039,0.6666666666666666
857,Topy Industries Ltd,0.0,1,1.0,1.0,0.0,34.719644,137.322259,0.6666666666666666
858,Torbat Heydarieh Steel Co,0.0,1,1.0,1.0,0.0,35.594882,59.205984,0.6666666666666666
859,Toscelik Profil ve Sac Endustrisi AS,0.0,1,1.0,1.0,0.0,36.8524495,36.1619905,0.6666666666666666
860,Tosyali Ironsteel Industry Algerie SpA,4000.0,1,1.0,1.0,0.0,35.770912,-0.263031,0.6666666666666666
861,Tosyali Sulb Steel Industries Joint Company,0.0,1,1.0,1.0,0.0,32.12156,20.08413,0.6666666666666666
862,Tosyalı Holding AŞ,0.0,2,1.0,1.0,0.0,32.2805115,42.650332,0.6666666666666666
863,Triangul Metals Tebinbulak JSC,5000.0,1,1.0,1.0,0.0,41.0954103,63.98869785,0.6666666666666666
864,Tubos de Acero de Mexico SA,0.0,1,1.0,1.0,0.0,19.182499,-96.237284,0.6666666666666666
865,Tung Ho Steel Enterprise Corp,0.0,1,1.0,1.0,0.0,24.066205,120.74815000000001,0.6666666666666666
866,Tung Ho Steel Vietnam Corp Ltd,0.0,1,1.0,1.0,0.0,10.551445,107.04368,0.6666666666666666
867,Tuyen Quang Iron Steel Co Ltd,0.0,1,1.0,1.0,0.0,21.738739,105.247545,0.6666666666666666
868,UMC Metals Ltd,0.0,1,1.0,1.0,0.0,13.275832,100.969791,0.6666666666666666
869,UMK-Stal LLC,660.0,1,1.0,1.0,0.0,58.351585,63.129918499999995,0.6666666666666666
870,US Steel Košice sro,0.0,1,1.0,1.0,0.0,48.612001,21.191401,0.6666666666666666
871,United States Steel Corp,4400.0,1,1.0,1.0,0.0,39.290973199999996,-85.4806782,0.6666666666666666
872,United Steel Industries Co KSCC,0.0,1,1.0,1.0,0.0,28.989306,48.128118,0.6666666666666666
873,Unitex Steel Mills Ltd,0.0,1,1.0,1.0,0.0,22.945182,91.512387,0.6666666666666666
874,Univers Acier,0.0,1,1.0,1.0,0.0,33.501325,-7.467363,0.6666666666666666
875,Uralskaya Stal JSC,3700.0,1,1.0,1.0,0.0,51.214781,58.353913,0.6666666666666666
876,Usinas Siderurgicas de Minas Gerais SA,10933.0,1,1.0,1.0,0.0,-21.677184500000003,-44.4602735,0.6666666666666666
877,Ussuri Capital,0.0,1,1.0,1.0,0.0,44.133338,28.64001,0.6666666666666666
878,Uttam Galva Ferous Ltd,15272.0,1,1.0,1.0,0.0,15.184613,76.824905,0.6666666666666666
879,Uzbekskiy Metallurgicheskiy Kombinat JSC,0.0,1,1.0,1.0,0.0,40.233432,69.290873,0.6666666666666666
880,VAS Steel An Hung Tuong LLC,0.0,1,1.0,1.0,0.0,11.054204,106.615962,0.6666666666666666
881,VAS Steel Tue Minh JSC,0.0,1,1.0,1.0,0.0,11.113343,106.831064,0.6666666666666666
882,VNSTEEL Southern Steel Co Ltd,0.0,1,1.0,1.0,0.0,10.576597,107.028995,0.6666666666666666
883,Vale SA,0.0,1,1.0,1.0,0.0,-5.408654,-49.103539,0.6666666666666666
884,Vallourec Soluções Tubulares do Brasil SA,0.0,1,1.0,1.0,0.0,-20.582683,-43.971555,0.6666666666666666
885,Vallourec Star LP,0.0,1,1.0,1.0,0.0,41.125495,-80.683382,0.6666666666666666
886,Van Company for Industrial Investment and General Trading,0.0,1,1.0,1.0,0.0,36.09176,43.97415,0.6666666666666666
887,Van Merksteijn International BV,0.0,1,1.0,1.0,0.0,53.440581,6.844773,0.6666666666666666
888,Vardhman Special Steels Limited,0.0,1,1.0,1.0,0.0,30.890103,75.908673,0.6666666666666666
889,Vedanta Iron and Steel Ltd,1322.0,1,1.0,1.0,0.0,15.526866,73.986671,0.6666666666666666
890,Viet Nhat Advanced Steel JSC,0.0,1,1.0,1.0,0.0,20.90553,106.628701,0.6666666666666666
891,Vietnam - Italy Steel JSC,0.0,1,1.0,1.0,0.0,20.946428,106.025454,0.6666666666666666
892,Vina Kyoei Steel Ltd Co,0.0,1,1.0,1.0,0.0,10.601423,107.040679,0.6666666666666666
893,Vina One Steel Manufacturing Corp,0.0,1,1.0,1.0,0.0,10.636835,106.517595,0.6666666666666666
894,Vina Roma Quang Tri Steel JSC,0.0,1,1.0,1.0,0.0,16.756559,107.329547,0.6666666666666666
895,Voestalpine Stahl Donawitz GmbH,1700.0,1,1.0,1.0,0.0,47.380455,15.065182,0.6666666666666666
896,Voestalpine Stahl GmbH,0.0,1,1.0,1.0,1.0,48.274023,14.33434,1.0
897,Volzhskiy Trubnyi Zavod JSC,0.0,1,1.0,1.0,0.0,48.804332,44.79408,0.6666666666666666
898,Vulcan Green Steel LLC,0.0,1,1.0,1.0,0.0,9.082,8.6753,0.6666666666666666
899,Vyksunskiy Metallurgicheskiy Zavod AO,0.0,1,1.0,1.0,0.0,55.382815,42.188954,0.6666666666666666
900,WISCO Group Kunming Steel Co Ltd,0.0,1,1.0,1.0,0.0,24.950474,102.372738,0.6666666666666666
901,WISCO Group Xiangyang Heavy Equipment MATERIALS Co Ltd,0.0,1,1.0,1.0,0.0,32.10704,112.235621,0.6666666666666666
902,Weglokoks Stal SP zoo,0.0,1,1.0,1.0,0.0,50.289858,18.874414,0.6666666666666666
903,Weifang SPECIAL Steel Group Co Ltd,0.0,1,1.0,1.0,0.0,36.644469,119.238427,0.6666666666666666
904,Welspun Corp Ltd,6650.0,1,1.0,1.0,0.0,23.112781,70.0866885,0.6666666666666666
905,West Alborz Steel Co,3950.0,1,1.0,1.0,0.0,36.119574,49.306253,0.6666666666666666
906,Wu'an Yongcheng Zhuye Co Ltd,0.0,1,1.0,1.0,0.0,36.660278,113.993995,0.6666666666666666
907,Wuan Mingfang Iron & Steel Co Ltd,0.0,1,1.0,1.0,0.0,36.710754,114.207855,0.6666666666666666
908,Wuan Yuhua Steel Co Ltd,0.0,1,1.0,1.0,0.0,36.731752,114.098377,0.6666666666666666
909,Wugang Zhongjia Iron & Steel Co Ltd,0.0,1,1.0,1.0,0.0,33.29175,113.458011,0.6666666666666666
910,Wuhai Baogang Wanteng Iron and Steel Co Ltd,0.0,1,1.0,1.0,0.0,39.855971,106.886647,0.6666666666666666
911,Wuhan Iron and Steel Co Ltd,0.0,2,1.0,1.0,0.0,11.440328000000001,113.3906925,0.6666666666666666
912,Wuhan Shunle Stainless Steel Co Ltd,0.0,1,1.0,1.0,0.0,30.394434,114.257701,0.6666666666666666
913,Wuhu Fuxin Iron & Steel Co Ltd,0.0,1,1.0,1.0,0.0,31.194505,118.067833,0.6666666666666666
914,Wuhu Xinxing Ductile Iron Pipes Co Ltd,7480.0,1,1.0,1.0,0.0,31.229893,118.150867,0.6666666666666666
915,Wulanhot Iron & Steel Co Ltd,0.0,1,1.0,1.0,0.0,46.055685,122.063282,0.6666666666666666
916,Wuxi Xinsanzhou Special Steel Co Ltd,0.0,1,1.0,1.0,0.0,31.681005,120.251785,0.6666666666666666
917,Wuyang Iron and Steel Co Ltd,0.0,1,1.0,1.0,0.0,33.287536,113.474328,0.6666666666666666
918,Wuzhou Yongda Special Steel Co Ltd,0.0,1,1.0,1.0,0.0,23.520307,111.229981,0.6666666666666666
919,Wuzhou Yongda Steel Works Co Ltd,0.0,1,1.0,1.0,0.0,23.524465,111.2402,0.6666666666666666
920,Xiangfen County XinJinShan Special Steel Co Ltd,0.0,1,1.0,1.0,0.0,35.934831,111.49707,0.6666666666666666
921,Xiangfen County Xingyuan Steel Group Co Ltd,0.0,1,1.0,1.0,0.0,35.880324,111.387956,0.6666666666666666
922,Xindia Steels Ltd,5200.0,1,1.0,1.0,0.0,15.293421,76.234947,0.6666666666666666
923,Xingtai Iron and Steel Co Ltd,0.0,1,1.0,1.0,0.0,37.036845,114.909232,0.6666666666666666
924,Xining Special Steel Co Ltd,800.0,1,1.0,1.0,0.0,36.66856,101.671414,0.6666666666666666
925,Xinji AOSEN Steel Group Co Ltd,0.0,1,1.0,1.0,0.0,37.752351,115.184798,0.6666666666666666
926,Xinjiang Bayi Steel Southern Xinjiang Steel Baicheng Co Ltd,0.0,1,1.0,1.0,0.0,11.56703,104.863893,0.6666666666666666
927,Xinjiang Da'an Special Steel Co Ltd,0.0,1,1.0,1.0,0.0,42.700465,93.542466,0.6666666666666666
928,Xinjiang Ka Steel Group Co,0.0,1,1.0,1.0,0.0,39.142997,76.161589,0.6666666666666666
929,Xinjiang KingTec Steel Co Ltd,0.0,1,1.0,1.0,0.0,42.674192,86.280156,0.6666666666666666
930,Xinjiang Kunyu Lron & Steel Co Ltd,2100.0,1,1.0,1.0,0.0,44.404189,84.966753,0.6666666666666666
931,Xinjiang Minxin Iron and Steel (Group) Minhang Special Steel Co Ltd,0.0,1,1.0,1.0,0.0,44.080866,88.417209,0.6666666666666666
932,Xinjiang Xin'an Special Steel Co Ltd,0.0,1,1.0,1.0,0.0,44.290299,86.595826,0.6666666666666666
933,Xinjiang Yili Iron and Steel Co Ltd,0.0,1,1.0,1.0,0.0,43.526808,83.294323,0.6666666666666666
934,Xinxing Ductile Iron Pipes Xinjiang Co Ltd,2074.0,1,1.0,1.0,0.0,42.333321,86.302481,0.6666666666666666
935,"Xinyang Iron & Steel Co.,ltd of Angang Group",600.0,1,1.0,1.0,0.0,32.488704,114.038243,0.6666666666666666
936,Xinyu Iron & Steel Corp Ltd,0.0,1,1.0,1.0,0.0,27.786859,114.921595,0.6666666666666666
937,Xiwang METAL Science Technology Co Ltd,0.0,1,1.0,1.0,0.0,36.928208,117.694654,0.6666666666666666
938,Xuan Thien Group JSC,0.0,1,1.0,1.0,0.0,20.238415,106.1449115,0.6666666666666666
939,Xuanhua Iron and Steel Group Co Ltd,0.0,1,1.0,1.0,0.0,40.589591,115.090889,0.6666666666666666
940,Xuzhou Baofeng Special Steel Co Ltd,0.0,1,1.0,1.0,0.0,34.364872,117.322633,0.6666666666666666
941,Xuzhou Jinhong Iron and Steel Group Co Ltd,0.0,1,1.0,1.0,0.0,34.500122,116.908897,0.6666666666666666
942,Xuzhou TaiFa Special Steel Technology Co Ltd,1200.0,1,1.0,1.0,0.0,34.448514,117.271876,0.6666666666666666
943,YK Steel Corp,0.0,1,1.0,1.0,0.0,36.0009625,127.81632,0.6666666666666666
944,Yamato Steel Co Ltd,0.0,1,1.0,1.0,0.0,34.783319,134.604616,0.6666666666666666
945,Yancheng Lianxin Steel Co Ltd,0.0,1,1.0,1.0,0.0,33.211332,120.774892,0.6666666666666666
946,Yangchun New Iron & Steel Co Ltd,0.0,1,1.0,1.0,0.0,22.084904,111.642187,0.6666666666666666
947,Yangzhou Hengrun Ocean Heavy Industry Co Ltd,0.0,1,1.0,1.0,0.0,32.249602,119.620438,0.6666666666666666
948,Yangzhou Qinyou Special Metal Materials Co Ltd,0.0,1,1.0,1.0,0.0,32.838703,119.425236,0.6666666666666666
949,Yantai Walsin Stainless Steel Co Ltd,0.0,1,1.0,1.0,0.0,37.548627,121.277488,0.6666666666666666
950,Yazdani Steel and Power Ltd,0.0,1,1.0,1.0,0.0,20.928285,86.036604,0.6666666666666666
951,Yazici Demir Celik Sanayi ve Turizm Ticaret AŞ,0.0,1,1.0,1.0,0.0,36.685932,36.206275,0.6666666666666666
952,Yenakiieve Metallurgical Plant Branch PJSC,2000.0,1,1.0,1.0,0.0,48.220502,38.228626,0.6666666666666666
953,Yesilyurt Demir Celik Endustri Ve Liman Isletmeleri AŞ,0.0,1,1.0,1.0,0.0,41.241199,36.442055,0.6666666666666666
954,Yichang Fulong Iron & Steel Co Ltd,0.0,1,1.0,1.0,0.0,30.586332,111.398846,0.6666666666666666
955,Yieh United Steel Corp,0.0,1,1.0,1.0,0.0,22.830857,120.300604,0.6666666666666666
956,Yildizlar Yatirim Holding AŞ,0.0,1,1.0,1.0,0.0,40.870333,29.55767,0.6666666666666666
957,Yingkou Iron & Steel Co Ltd,0.0,1,1.0,1.0,0.0,40.664651,122.415057,0.6666666666666666
958,Yun County Rongfeng Rolling Mill Factory,0.0,1,1.0,1.0,0.0,32.738598,110.793269,0.6666666666666666
959,YunNan Province Tiangao Nickel Alloy Co Ltd,0.0,1,1.0,1.0,0.0,24.80128,104.063455,0.6666666666666666
960,Yunnan Desheng Steel Co Ltd,0.0,1,1.0,1.0,0.0,25.142516,102.077727,0.6666666666666666
961,Yunnan Jingye Steel Co,0.0,1,1.0,1.0,0.0,25.023852,102.312086,0.6666666666666666
962,Yunnan Qujing Iron and Steel Group Chenggang Iron and Steel Co Ltd,0.0,1,1.0,1.0,0.0,25.45543,103.547242,0.6666666666666666
963,Yunnan Qujing Iron and Steel Group Co Ltd,0.0,1,1.0,1.0,0.0,26.275342,104.168311,0.6666666666666666
964,Yunnan Qujing Iron and Steel Group Yanggang Iron and Steel Co Ltd,0.0,1,1.0,1.0,0.0,25.308777,103.876391,0.6666666666666666
965,Yunnan Yuxi Iron and Steel Group Yukun Iron and Steel Co Ltd,0.0,1,1.0,1.0,0.0,24.465884,102.543682,0.6666666666666666
966,Yunnan Yuxi Xianfu Iron and Steel (Group) Co Ltd,0.0,1,1.0,1.0,0.0,24.012309,102.186364,0.6666666666666666
967,Yuxi Xinxing Iron & Steel Co Ltd,0.0,1,1.0,1.0,0.0,24.249024,102.521747,0.6666666666666666
968,Zaporiz'kyi Metalurhiinyi Kombinat Zaporizhstal' PJSC,6300.0,1,1.0,1.0,0.0,47.86838,35.161773,0.6666666666666666
969,Zarand Iranian Steel Co,7700.0,1,1.0,1.0,0.0,30.749633,56.6675096,0.6666666666666666
970,Zenith Steel Group (Nantong) Co Ltd,0.0,1,1.0,1.0,0.0,32.133954,121.513173,0.6666666666666666
971,Zenith Steel Group Co Ltd,12800.0,1,1.0,1.0,0.0,31.707656,120.079591,0.6666666666666666
972,Zhangjiagang Hongchang Steel Co Ltd,0.0,1,1.0,1.0,0.0,31.983146,120.638992,0.6666666666666666
973,Zhangjiagang Rongsheng Steel-Making Co Ltd,0.0,1,1.0,1.0,0.0,31.985496,120.644565,0.6666666666666666
974,Zhejiang TSINGSHAN IRON&STEEL Co Ltd,0.0,1,1.0,1.0,0.0,28.136096,120.380401,0.6666666666666666
975,Zhejiang Wantai Special Steel Co Ltd,0.0,1,1.0,1.0,0.0,30.944342,120.971803,0.6666666666666666
976,Zhejiang Yuxin Industrial Co Ltd,0.0,1,1.0,1.0,0.0,28.787202,120.248592,0.6666666666666666
977,Zhengzhou YONGTONG SPECIAL Steel Co Ltd,0.0,1,1.0,1.0,0.0,34.64443,112.937985,0.6666666666666666
978,Zhenshi Group EASTERN SPECIAL Steel Co Ltd,0.0,1,1.0,1.0,0.0,30.720411,120.898518,0.6666666666666666
979,Zhongpu (Handan) Iron and Steel Co Ltd,2623.0,1,1.0,1.0,0.0,36.721376,113.910271,0.6666666666666666
980,Zhongxin Iron and Steel Group Co Ltd,0.0,1,1.0,1.0,0.0,34.368618,118.31556,0.6666666666666666
981,Zhuhai Yueyufeng IRON&STEEL Co Ltd,0.0,1,1.0,1.0,0.0,21.96092,113.198718,0.6666666666666666
982,Zibo Qilin Fushan Steel Co Ltd,0.0,1,1.0,1.0,0.0,36.887998,118.145416,0.6666666666666666
983,Zunyi Changling Special Steel Co Ltd,0.0,1,1.0,1.0,0.0,27.614947,106.949752,0.6666666666666666
984,Zunyi County Fuxin Iron & Steel Product Co Ltd,0.0,1,1.0,1.0,0.0,27.591697,106.815453,0.6666666666666666
985,unknown,0.0,3,1.0,1.0,0.0,27.571389333333332,89.48505399999999,0.6666666666666666
986,Çebitaş Demir Çelik Endüstrisi AŞ,0.0,1,1.0,1.0,0.0,38.74074,26.951743,0.6666666666666666
987,Çolakoğlu Metalürji AŞ,0.0,1,1.0,1.0,0.0,40.768409,29.529979,0.6666666666666666
